chroma_means_0,chroma_means_1,chroma_means_10,chroma_means_11,chroma_means_2,chroma_means_3,chroma_means_4,chroma_means_5,chroma_means_6,chroma_means_7,chroma_means_8,chroma_means_9,contrast_means_0,contrast_means_1,contrast_means_2,contrast_means_3,contrast_means_4,contrast_means_5,contrast_means_6,duration_sec,dynamic_range,filename,filesize_mb,mfcc_means_0,mfcc_means_1,mfcc_means_10,mfcc_means_11,mfcc_means_12,mfcc_means_2,mfcc_means_3,mfcc_means_4,mfcc_means_5,mfcc_means_6,mfcc_means_7,mfcc_means_8,mfcc_means_9,rms_mean,rms_std,sample_rate,session,spectral_bandwidth_mean,spectral_centroid_mean,spectral_centroid_std,spectral_flatness_mean,spectral_rolloff_mean,tempo_bpm,zero_crossing_rate_mean
0.467,0.24,0.377,0.294,0.213,0.325,0.335,0.431,0.278,0.364,0.496,0.353,19.989,17.319,20.29,20.85,16.952,17.252,45.105,183.31,0.1344,01-unplayed-ambient.mp3,5.6,-260.6,164.13,1.3,3.45,-2.99,51.71,40.76,-2.27,4.65,9.12,-2.75,-0.72,2.09,0.1133,0.0429,22050,music,1337.6,696.6,244.7,0.0004,988.5,117.5,0.0252
0.249,0.24,0.241,0.265,0.374,0.301,0.356,0.211,0.153,0.197,0.256,0.368,21.489,22.323,23.4,23.204,19.888,20.884,44.612,202.34,0.2277,01-unplayed-indie-folk.mp3,6.18,-246.86,87.28,-6.56,-2.0,-10.65,31.01,26.58,0.11,1.18,19.53,-7.38,14.74,5.22,0.1098,0.0709,22050,music,2502.5,1995.6,1113.0,0.0079,4356.3,89.1,0.0646
0.307,0.243,0.372,0.253,0.29,0.229,0.278,0.181,0.14,0.209,0.301,0.546,21.429,22.549,22.764,22.112,19.362,19.278,44.033,237.59,0.2346,02-unplayed-indie-folk.mp3,7.26,-261.69,90.96,-1.22,-3.44,-7.35,32.27,34.19,7.73,15.9,15.19,2.91,12.61,4.2,0.1085,0.0723,22050,music,2016.8,1502.3,1011.1,0.0045,3086.3,86.1,0.0501
0.301,0.351,0.21,0.211,0.563,0.376,0.262,0.251,0.135,0.145,0.162,0.26,22.182,19.46,23.495,21.288,19.689,19.994,47.29,203.7,0.2512,03-five-holes-in-a-bone.mp3,6.23,-243.36,76.64,1.65,5.7,-5.68,20.29,27.49,5.52,4.77,6.55,-4.64,15.81,4.29,0.1088,0.0761,22050,music,2231.8,1895.2,1101.7,0.0075,3976.0,86.1,0.0688
0.281,0.251,0.276,0.228,0.365,0.281,0.349,0.397,0.336,0.433,0.387,0.418,22.112,18.275,21.997,19.623,18.273,17.692,47.741,173.58,0.1983,04-genre-matrix-lofi.mp3,5.31,-226.3,109.97,4.86,-0.36,-0.12,7.65,40.09,0.86,7.48,-3.74,3.86,-2.71,2.99,0.1127,0.0609,22050,music,1794.1,1561.8,961.9,0.0064,2962.6,86.1,0.0626
0.381,0.429,0.375,0.319,0.606,0.435,0.332,0.31,0.303,0.333,0.374,0.496,20.913,15.655,19.536,18.219,17.083,17.005,45.746,229.7,0.1704,05-genre-matrix-synthwave.mp3,7.02,-133.16,45.91,5.46,9.71,0.71,-1.49,32.53,2.39,7.86,9.39,3.19,7.16,8.21,0.113,0.0518,22050,music,2692.6,3047.6,1028.5,0.0406,6162.3,95.7,0.1371
0.257,0.31,0.274,0.251,0.454,0.347,0.296,0.264,0.202,0.251,0.285,0.388,23.506,20.448,23.144,21.84,18.891,19.342,47.966,167.69,0.2067,06-the-jazz-police.mp3,5.13,-256.15,87.55,-3.45,5.4,-1.99,25.81,36.42,-0.6,5.85,14.21,3.52,2.41,4.38,0.1011,0.0619,22050,music,2144.0,1728.3,1059.4,0.0074,3550.2,80.7,0.0558
0.342,0.26,0.299,0.372,0.313,0.32,0.449,0.336,0.284,0.274,0.275,0.366,21.386,20.119,21.384,19.473,19.196,18.109,44.964,196.17,0.2346,07-the-session-composed-itself.mp3,6.0,-212.49,75.03,-4.68,-3.09,-9.25,13.99,13.89,6.37,8.36,4.4,-1.93,4.16,-1.26,0.1202,0.0722,22050,music,2419.3,2220.4,1333.3,0.0207,4530.1,89.1,0.0872
0.371,0.304,0.294,0.291,0.325,0.28,0.32,0.432,0.358,0.371,0.344,0.353,23.045,17.28,21.216,19.574,18.252,17.789,45.705,176.18,0.2833,08-the-snap-is-the-groove.mp3,5.39,-214.76,65.09,-4.41,-3.28,-2.59,5.53,25.27,-2.89,3.8,-2.07,-3.02,-11.42,-0.52,0.1218,0.0863,22050,music,2306.5,2263.3,1208.9,0.0242,4587.2,129.2,0.0881
0.247,0.187,0.281,0.434,0.264,0.223,0.294,0.2,0.307,0.303,0.22,0.304,22.195,20.125,24.068,21.778,20.228,20.508,46.288,193.53,0.1847,09-the-shell-merchant.mp3,5.92,-239.63,109.55,-5.1,-2.15,-5.06,6.63,40.34,14.62,0.09,-0.4,-2.53,-8.82,1.56,0.0994,0.0569,22050,music,1875.9,1558.7,988.7,0.0074,3017.8,143.6,0.0666
0.36,0.384,0.301,0.279,0.536,0.403,0.289,0.286,0.247,0.319,0.338,0.379,22.478,20.394,21.081,20.067,18.495,18.99,43.979,198.69,0.4298,10-five-holes-electronic-jazz.mp3,6.07,-248.7,76.97,0.88,-1.79,-2.51,31.86,29.76,11.05,6.71,16.52,-2.39,10.25,1.28,0.1678,0.1332,22050,music,2255.4,1847.3,1434.8,0.011,3827.4,123.0,0.063
0.216,0.273,0.319,0.196,0.53,0.395,0.364,0.369,0.269,0.266,0.326,0.541,18.488,17.964,20.021,21.701,20.161,17.639,43.918,80.74,0.142,11-tempo-study-140.mp3,2.47,-292.74,134.67,0.35,6.28,0.25,41.58,34.16,13.18,1.6,9.7,9.61,3.35,1.41,0.0708,0.0454,22050,music,1769.4,1028.3,529.1,0.0015,1960.7,143.6,0.0349
0.355,0.229,0.255,0.372,0.283,0.261,0.409,0.26,0.196,0.264,0.274,0.356,22.744,18.138,22.625,22.126,19.164,17.35,44.764,209.68,0.1785,12-baroque-techno.mp3,6.41,-152.02,60.94,0.81,-0.59,-2.65,29.45,25.93,-4.35,5.35,2.64,-3.21,5.15,3.64,0.1236,0.0534,22050,music,2919.6,2906.8,1030.6,0.0215,6384.1,123.0,0.1042
0.364,0.275,0.191,0.306,0.394,0.291,0.385,0.251,0.216,0.373,0.245,0.235,22.551,18.699,21.986,23.316,18.593,18.752,43.452,150.07,0.1975,13-the-gc-sings.mp3,4.59,-214.92,110.81,1.61,-3.7,-3.07,33.32,27.3,-2.82,-8.46,9.22,1.45,13.83,3.0,0.1228,0.0546,22050,music,2161.4,1622.4,1040.4,0.0071,3383.3,161.5,0.0547
0.399,0.281,0.104,0.186,0.362,0.246,0.441,0.246,0.189,0.415,0.197,0.129,23.439,19.445,23.607,22.61,19.954,17.829,44.864,119.94,0.1978,14-bpm-40.mp3,3.67,-250.47,124.19,-2.64,0.27,-4.81,10.7,20.28,10.04,5.66,2.58,-0.54,-6.82,-0.8,0.0915,0.0615,22050,music,1859.9,1322.6,697.1,0.0039,2584.8,129.2,0.0479
0.133,0.194,0.398,0.25,0.139,0.151,0.14,0.299,0.659,0.297,0.148,0.213,22.633,20.837,22.796,21.461,20.155,16.847,45.31,158.41,0.1415,15-bpm-80.mp3,4.84,-247.41,84.99,-3.36,0.36,-5.66,31.66,33.41,16.08,5.51,-9.17,6.27,-8.78,-8.34,0.0742,0.0466,22050,music,2555.2,2062.8,961.8,0.0093,4732.1,99.4,0.054
0.334,0.269,0.204,0.208,0.337,0.261,0.414,0.51,0.242,0.206,0.176,0.265,22.58,18.037,19.067,19.062,18.534,16.743,44.04,140.42,0.1366,16-bpm-120.mp3,4.29,-231.35,110.68,-4.08,1.71,-5.11,22.2,20.47,4.24,-0.17,4.05,1.85,-2.03,0.13,0.0791,0.0415,22050,music,2359.5,1712.7,763.9,0.0057,3852.3,112.3,0.0455
0.345,0.283,0.274,0.562,0.424,0.34,0.439,0.238,0.312,0.445,0.241,0.163,19.356,17.695,20.541,19.277,17.405,17.854,42.672,196.37,0.1903,17-bpm-160.mp3,6.0,-286.28,128.93,-0.03,3.99,-1.57,27.52,38.52,21.42,-3.59,3.96,3.37,2.28,0.71,0.0776,0.0585,22050,music,1649.0,1000.9,425.2,0.0012,1872.0,112.3,0.0322
0.323,0.218,0.152,0.221,0.248,0.237,0.363,0.261,0.251,0.357,0.229,0.23,21.53,20.268,23.352,22.442,19.355,17.707,45.259,144.71,0.2038,18-the-tap-sings.mp3,4.42,-215.74,75.2,1.52,-6.62,-9.25,24.31,32.06,1.82,1.88,8.85,0.74,8.89,2.36,0.1115,0.0601,22050,music,2523.3,2165.9,1080.8,0.0103,4654.5,92.3,0.0729
0.258,0.347,0.296,0.234,0.462,0.318,0.336,0.324,0.245,0.294,0.334,0.419,23.446,18.57,22.271,20.175,18.91,16.935,46.064,152.28,0.2023,19-doom-polka.mp3,4.66,-155.85,75.71,2.83,1.96,-3.54,14.47,32.77,6.03,5.06,2.02,7.32,-4.76,0.11,0.1314,0.0609,22050,music,2583.5,2322.4,857.4,0.0173,5097.9,78.3,0.0839
0.247,0.343,0.337,0.324,0.329,0.301,0.409,0.317,0.327,0.275,0.354,0.475,20.89,19.264,23.124,21.057,20.107,17.334,45.32,198.41,0.1852,20-math-rock-country.mp3,6.06,-159.76,50.68,1.41,2.71,-4.62,23.33,57.67,14.76,13.98,2.19,6.52,-1.04,3.05,0.1274,0.0538,22050,music,2660.9,2563.7,839.2,0.0144,5513.1,112.3,0.0956
0.118,0.097,0.399,0.169,0.249,0.366,0.218,0.276,0.239,0.485,0.315,0.266,19.558,17.88,22.47,22.587,19.905,17.884,43.151,156.12,0.166,21-bpm-60.mp3,4.77,-263.97,142.68,-6.12,-2.93,-6.28,35.93,26.21,10.66,3.19,7.66,-1.24,-4.17,-6.17,0.0992,0.0536,22050,music,1791.1,1011.7,374.4,0.001,1713.0,152.0,0.0341
0.251,0.392,0.178,0.319,0.215,0.333,0.402,0.192,0.232,0.164,0.309,0.18,20.629,17.656,23.194,22.689,20.494,17.12,46.125,163.69,0.1117,22-bpm-100.mp3,5.0,-300.26,113.11,-1.03,4.72,-3.66,28.01,36.78,7.18,4.8,-0.33,3.66,-4.61,-0.17,0.056,0.0337,22050,music,2044.8,1444.8,722.2,0.0042,3022.8,112.3,0.0492
0.191,0.226,0.225,0.32,0.461,0.242,0.161,0.137,0.276,0.276,0.185,0.222,19.705,18.463,20.036,18.067,15.845,19.524,44.67,128.08,0.102,23-bpm-140-retest.mp3,3.92,-306.75,150.25,-0.05,2.48,-5.13,2.64,57.57,9.16,-10.58,-0.06,5.07,5.39,0.66,0.0665,0.031,22050,music,1340.0,939.8,410.8,0.0006,1849.4,161.5,0.0332
0.339,0.141,0.2,0.499,0.136,0.158,0.258,0.2,0.321,0.571,0.295,0.156,20.776,21.331,22.964,21.003,20.248,17.772,45.319,137.94,0.1067,24-bpm-180.mp3,4.22,-238.47,100.42,-6.12,-0.87,-13.1,12.41,41.47,22.04,16.07,4.78,1.62,-0.45,4.1,0.0771,0.0349,22050,music,2293.0,1631.4,601.7,0.0041,3803.0,143.6,0.042
0.304,0.225,0.158,0.204,0.258,0.25,0.362,0.249,0.213,0.308,0.213,0.197,22.315,21.335,24.424,22.637,21.482,19.298,44.83,142.25,0.3244,25-the-tap-sings-synthwave-cover.mp3,4.35,-227.48,75.69,-5.66,-8.19,-11.17,19.03,24.79,3.58,-2.81,-4.65,-6.27,-7.81,-7.23,0.146,0.1079,22050,music,2155.3,1932.7,1302.0,0.012,3833.8,95.7,0.0786
0.253,0.272,0.26,0.19,0.463,0.269,0.304,0.314,0.229,0.222,0.249,0.457,21.691,18.096,23.731,23.191,19.911,19.464,48.926,94.63,0.2252,26-screamo-choral.mp3,2.89,-239.12,76.05,1.13,-3.47,-4.73,-1.63,32.14,-7.89,1.95,2.54,7.52,-10.68,0.58,0.0833,0.0736,22050,music,1984.0,1975.7,1018.2,0.0097,3778.7,99.4,0.0943
0.343,0.241,0.172,0.254,0.276,0.253,0.298,0.241,0.187,0.278,0.206,0.231,23.094,20.877,24.272,22.058,19.882,18.082,44.955,140.33,0.3017,27-the-tap-sings-piano-cover-of-cover.mp3,4.29,-236.09,83.7,-9.29,-8.96,-10.22,40.97,32.33,7.16,-3.19,1.57,-8.88,-1.94,-5.83,0.1481,0.0905,22050,music,2399.8,2026.5,1350.3,0.01,4041.7,95.7,0.0753
0.466,0.289,0.271,0.268,0.212,0.177,0.287,0.222,0.197,0.362,0.299,0.35,22.383,21.509,24.675,19.907,18.408,17.916,43.795,129.8,0.2649,28-rest-085.mp3,3.97,-246.3,101.86,-3.53,-1.25,-5.22,39.82,40.99,17.83,13.09,7.06,-9.41,3.6,-7.4,0.1333,0.0801,22050,music,2210.7,1490.6,904.3,0.0042,3144.0,95.7,0.0416
0.424,0.308,0.305,0.314,0.301,0.213,0.23,0.175,0.21,0.491,0.355,0.354,22.471,20.958,24.406,19.678,17.338,17.68,45.476,139.89,0.2795,29-rest-093.mp3,4.28,-209.16,79.65,-13.85,-5.54,-8.8,15.9,37.5,18.02,18.47,14.39,0.19,0.22,-6.05,0.1301,0.0804,22050,music,2444.7,1936.3,977.2,0.0104,4169.9,83.4,0.0589
0.213,0.272,0.301,0.193,0.447,0.29,0.307,0.333,0.233,0.236,0.279,0.474,22.285,19.316,22.497,22.06,19.945,17.655,44.566,138.58,0.2193,30-the-berry-phase.mp3,4.24,-194.93,88.46,0.4,-2.03,-6.93,25.28,26.64,2.06,-1.05,-1.35,4.66,-0.81,1.6,0.1198,0.0654,22050,music,2369.8,2065.9,1130.6,0.0147,4451.2,152.0,0.0777
0.286,0.266,0.235,0.285,0.388,0.309,0.415,0.236,0.162,0.19,0.234,0.308,21.054,20.294,23.219,21.039,19.146,18.071,47.435,184.35,0.2698,31-the-overtones-dream.mp3,5.63,-209.41,69.86,-3.06,1.5,-4.64,15.96,40.41,-2.99,7.13,3.82,4.61,2.96,4.6,0.1211,0.079,22050,music,2270.3,2135.6,1064.4,0.012,4364.2,112.3,0.0847
0.361,0.296,0.396,0.297,0.404,0.435,0.307,0.318,0.253,0.319,0.253,0.292,24.178,19.048,22.805,21.411,18.421,18.623,46.087,210.12,0.2198,32-ambient-marching-band.mp3,6.42,-194.26,79.99,-1.96,7.27,-1.08,16.04,39.03,-9.51,0.87,6.78,0.57,3.3,-0.39,0.1177,0.0697,22050,music,2231.0,2077.8,1037.7,0.0119,4263.7,76.0,0.0764
0.451,0.371,0.406,0.375,0.427,0.438,0.327,0.361,0.317,0.421,0.356,0.362,22.628,17.522,20.057,18.759,17.421,17.425,46.335,203.94,0.1747,33-doom-disco.mp3,6.23,-154.99,49.98,1.18,1.05,-3.64,24.63,33.12,11.03,2.33,6.22,4.72,8.31,4.68,0.1179,0.0496,22050,music,3004.0,3247.8,1295.8,0.0287,6944.9,95.7,0.1188
0.335,0.3,0.476,0.331,0.286,0.31,0.362,0.455,0.358,0.354,0.379,0.423,22.037,16.141,20.819,20.58,19.145,18.086,47.562,115.82,0.2338,34-bebop-black-metal.mp3,3.54,-161.4,44.7,-1.17,2.36,-1.53,-12.0,30.91,2.86,5.26,2.96,5.15,-3.12,2.5,0.11,0.0716,22050,music,2475.5,2859.6,1027.1,0.0309,5500.2,89.1,0.1414
0.162,0.237,0.197,0.137,0.405,0.264,0.28,0.27,0.161,0.227,0.229,0.329,22.578,20.563,24.372,23.431,20.44,18.03,46.963,223.77,0.254,35-the-interval.mp3,6.84,-215.39,88.69,-2.8,-3.6,-8.08,7.22,22.19,2.42,11.91,10.76,0.46,0.94,-0.74,0.125,0.0788,22050,music,2221.5,1848.4,875.0,0.0071,3821.2,86.1,0.0667
0.231,0.294,0.308,0.249,0.489,0.33,0.362,0.266,0.194,0.229,0.291,0.437,20.846,18.035,22.786,21.997,19.99,20.613,46.182,184.99,0.2364,36-the-proof-is-the-performance.mp3,5.65,-183.5,104.42,6.26,-1.06,-0.52,-7.75,35.01,9.01,-0.88,9.78,12.17,-2.8,4.28,0.1267,0.0724,22050,music,1961.8,1760.5,887.8,0.0077,3459.2,152.0,0.0785
0.457,0.348,0.303,0.392,0.337,0.322,0.354,0.274,0.319,0.363,0.316,0.337,21.853,17.394,21.391,19.941,18.812,17.702,46.362,129.6,0.2081,37-the-ouroboros-sings.mp3,3.96,-145.37,62.12,-3.51,0.55,-5.89,-3.5,46.59,0.43,8.48,-1.18,2.5,2.63,-2.05,0.1231,0.0619,22050,music,2379.0,2522.9,923.5,0.0237,5048.9,89.1,0.1122
0.348,0.288,0.232,0.312,0.361,0.309,0.359,0.236,0.233,0.316,0.253,0.281,21.121,20.592,22.672,21.272,18.704,18.634,44.616,182.47,0.2345,38-the-session-listens-back.mp3,5.58,-210.08,74.55,-5.2,2.57,-5.18,21.44,26.71,5.66,-3.34,3.28,-1.88,5.08,9.75,0.1227,0.0688,22050,music,2533.0,2213.6,1143.7,0.0167,4771.4,95.7,0.079
0.296,0.295,0.237,0.218,0.435,0.372,0.378,0.207,0.133,0.191,0.242,0.384,21.459,20.624,23.126,22.038,17.96,17.604,47.145,196.94,0.2337,39-the-cadence-caller.mp3,6.02,-179.83,70.13,4.23,-0.94,-4.54,24.64,42.0,-1.4,3.65,14.05,-1.43,14.19,-0.48,0.1367,0.0718,22050,music,2690.2,2339.3,897.0,0.0115,5088.9,60.1,0.0735
0.215,0.277,0.277,0.188,0.396,0.288,0.37,0.332,0.186,0.233,0.269,0.459,22.676,19.129,23.397,22.482,20.315,19.263,47.339,152.28,0.2097,40-the-fifths-funeral.mp3,4.66,-193.11,90.98,2.38,2.69,-3.82,-1.62,25.65,-2.67,0.92,0.13,2.99,-0.47,5.09,0.1089,0.0661,22050,music,2060.9,1890.2,964.5,0.0118,3808.7,103.4,0.0812
0.359,0.264,0.262,0.241,0.341,0.273,0.412,0.447,0.293,0.348,0.279,0.355,20.416,18.397,22.829,21.095,20.238,18.255,46.438,115.26,0.2308,41-the-metronome.mp3,3.52,-166.12,69.09,0.97,2.05,-5.7,7.45,43.49,0.33,2.22,-0.52,2.42,-1.13,3.69,0.1336,0.0696,22050,music,2398.3,2315.4,978.3,0.0163,4824.0,92.3,0.0991
0.21,0.296,0.221,0.181,0.411,0.289,0.342,0.289,0.146,0.177,0.191,0.298,20.962,20.882,23.724,22.457,18.975,19.659,46.024,196.89,0.235,42-the-tensor.mp3,6.02,-236.11,91.77,-4.66,6.77,-8.37,19.05,31.58,3.53,-7.23,9.32,1.33,7.92,5.22,0.1204,0.0746,22050,music,2277.8,1833.7,1008.7,0.009,3837.2,117.5,0.0636
0.29,0.24,0.391,0.44,0.273,0.282,0.371,0.277,0.27,0.307,0.371,0.472,21.859,19.99,21.184,19.112,18.508,17.298,43.93,135.93,0.2258,43-the-chip-that-sang.mp3,4.16,-252.87,77.92,0.85,3.06,-8.04,39.38,15.8,15.47,2.95,3.28,-5.52,2.62,3.79,0.1044,0.0702,22050,music,2596.8,2269.1,1561.8,0.0231,4887.6,95.7,0.0829
0.341,0.332,0.405,0.379,0.378,0.377,0.473,0.398,0.302,0.318,0.347,0.459,22.294,18.206,21.182,20.449,18.1,16.981,44.378,197.14,0.2262,44-the-cron-and-the-mirror-m3.mp3,6.03,-188.92,80.24,-2.2,0.84,-5.6,30.01,27.49,-2.6,7.67,3.72,5.15,2.71,0.58,0.1298,0.0666,22050,music,2452.1,2287.9,1334.0,0.0175,4920.4,184.6,0.0792
0.328,0.31,0.433,0.368,0.386,0.371,0.451,0.343,0.259,0.289,0.378,0.539,24.143,17.711,19.595,18.596,17.345,17.315,46.947,124.96,0.17,45-the-cron-and-the-mirror-glm.mp3,3.82,-245.74,87.67,4.46,0.12,-5.89,50.11,32.86,4.13,14.25,-0.06,8.0,-2.76,1.74,0.1063,0.0541,22050,music,2297.0,1952.5,1334.4,0.0139,4185.7,136.0,0.0666
0.33,0.398,0.222,0.25,0.571,0.39,0.284,0.289,0.246,0.259,0.281,0.379,21.511,19.159,20.477,19.922,18.148,19.075,45.438,114.3,0.2026,46-the-foghorn-keeper.mp3,3.49,-196.78,102.34,0.51,2.74,-5.53,3.19,15.79,7.46,-1.87,14.47,6.37,9.89,-2.61,0.1112,0.065,22050,music,2213.2,1815.7,987.7,0.0131,3724.7,152.0,0.0716
0.394,0.191,0.157,0.306,0.239,0.159,0.266,0.176,0.175,0.331,0.207,0.258,21.967,19.417,26.009,25.505,21.555,22.827,43.563,129.76,0.1843,47-the-pixel-in-the-cathedral.mp3,3.97,-231.32,78.96,-6.81,-2.34,-11.95,-6.83,38.08,-9.04,-8.37,12.33,-10.72,4.5,-8.27,0.1032,0.0581,22050,music,2081.2,2090.6,991.4,0.0071,4071.3,184.6,0.0953
0.462,0.352,0.46,0.585,0.331,0.342,0.382,0.391,0.424,0.383,0.357,0.397,22.663,15.518,18.469,18.21,17.312,17.467,45.286,136.53,0.2615,48-the-gc-collects-itself.mp3,4.17,-196.32,97.94,-3.29,0.58,-1.6,23.32,26.44,-4.42,1.51,-1.66,1.26,-5.36,-1.31,0.1334,0.0745,22050,music,2170.4,1856.3,1165.8,0.0154,3847.3,95.7,0.067
0.291,0.275,0.363,0.291,0.321,0.302,0.354,0.358,0.258,0.264,0.329,0.424,23.161,20.925,22.217,20.125,18.737,17.181,45.182,199.38,0.4884,49-the-tensor-dub-techno-cover.mp3,6.09,-198.26,66.45,-2.89,-0.82,-8.08,17.4,34.52,6.05,5.74,-4.06,0.81,-0.86,-7.03,0.2204,0.146,22050,music,2171.2,1889.3,1313.4,0.0103,3746.1,152.0,0.0697
0.327,0.49,0.483,0.306,0.355,0.443,0.332,0.468,0.544,0.373,0.453,0.394,19.671,14.284,19.277,20.772,19.18,18.503,42.453,176.55,0.2596,50-seed-test-a.mp3,5.4,-233.66,133.5,2.31,2.73,0.16,33.87,23.56,7.49,6.39,3.73,4.97,3.75,2.66,0.1101,0.0732,22050,music,1698.1,1334.5,1052.7,0.0068,2840.6,99.4,0.0487
0.23,0.274,0.413,0.264,0.403,0.333,0.336,0.505,0.294,0.234,0.254,0.376,20.143,16.532,20.113,18.68,16.471,15.241,43.979,159.05,0.3339,51-seed-test-b.mp3,4.86,-243.01,36.6,-2.45,2.43,-2.21,43.89,31.6,-1.56,1.36,1.89,4.32,-3.52,3.73,0.1025,0.1026,22050,music,2668.2,2905.1,1718.0,0.0397,5688.8,129.2,0.1065
0.394,0.312,0.324,0.377,0.358,0.353,0.424,0.324,0.278,0.31,0.293,0.347,22.274,18.601,21.291,19.07,17.564,16.332,42.814,255.54,0.2454,52-the-unused-variable-structured.mp3,7.81,-226.68,74.92,6.04,-0.29,-0.41,30.96,23.36,20.09,11.07,4.89,11.08,-2.11,5.29,0.1266,0.0758,22050,music,2608.5,2147.3,1280.5,0.0147,4742.2,161.5,0.0638
0.357,0.319,0.297,0.299,0.408,0.352,0.415,0.275,0.217,0.269,0.337,0.471,24.385,19.692,21.844,20.67,18.955,19.021,47.137,159.85,0.1967,53-the-unused-variable-freeverse.mp3,4.89,-211.56,97.6,-2.19,-4.95,-12.04,23.11,51.0,-10.32,13.63,-2.71,0.91,5.07,-2.14,0.1077,0.062,22050,music,2102.0,1821.1,999.3,0.0093,4010.9,107.7,0.0693
0.3,0.385,0.301,0.265,0.576,0.488,0.306,0.289,0.249,0.26,0.305,0.364,23.282,18.259,21.166,20.652,18.911,18.982,45.342,159.64,0.2856,55-the-load-balancer.mp3,4.88,-222.59,69.23,5.49,2.66,6.82,15.38,22.12,3.0,-0.97,4.69,9.38,-7.42,7.46,0.1195,0.081,22050,music,2427.4,2213.2,1216.0,0.016,4573.5,86.1,0.0809
0.308,0.267,0.349,0.26,0.337,0.274,0.295,0.208,0.187,0.278,0.339,0.518,22.575,20.596,22.09,20.745,18.328,17.161,46.566,139.82,0.2134,56-the-seed-structured.mp3,4.27,-180.92,64.16,-2.71,-2.07,-8.01,20.31,36.4,19.78,13.38,16.37,6.06,4.03,1.49,0.1192,0.0627,22050,music,2764.7,2493.1,1007.2,0.015,5656.3,76.0,0.0824
0.302,0.291,0.317,0.274,0.333,0.388,0.525,0.335,0.252,0.267,0.358,0.458,23.964,19.373,20.188,21.183,19.493,21.593,44.979,107.61,0.19,57-the-seed-freeverse.mp3,3.29,-299.19,113.77,-1.71,-4.72,0.83,22.6,29.88,20.16,9.57,19.19,2.58,-3.29,3.92,0.0813,0.0619,22050,music,1677.2,1182.4,925.2,0.005,2237.4,92.3,0.04
0.484,0.417,0.161,0.218,0.281,0.309,0.317,0.559,0.323,0.22,0.354,0.239,22.801,16.837,17.51,16.847,15.214,16.682,43.518,136.53,0.35,58-seed-test-c.mp3,4.17,-198.33,108.02,-4.17,-0.21,-4.55,24.24,28.71,-2.66,-2.61,4.6,-2.21,-4.17,-2.22,0.1293,0.0998,22050,music,2037.0,1636.6,1101.7,0.0174,3358.0,89.1,0.0517
0.284,0.26,0.354,0.436,0.351,0.369,0.449,0.397,0.349,0.328,0.261,0.266,23.962,19.047,20.103,18.734,16.975,17.193,45.255,221.48,0.2514,59-astral-drone-folk.mp3,6.77,-227.47,85.01,1.67,-5.19,-2.51,29.27,23.13,8.22,0.96,-1.0,5.21,-5.31,-0.86,0.1043,0.0796,22050,music,2543.5,2036.0,1021.1,0.0155,4397.3,64.6,0.0704
0.27,0.266,0.281,0.194,0.469,0.277,0.208,0.242,0.241,0.417,0.249,0.313,22.865,20.33,23.934,24.42,21.026,18.856,47.469,169.3,0.192,59-cantonese-opera-disco.mp3,5.17,-153.21,57.36,-7.88,-1.58,-8.13,12.53,38.15,-2.24,12.88,11.93,6.4,4.11,3.76,0.138,0.0577,22050,music,2605.0,2599.9,914.4,0.0152,5456.2,129.2,0.1068
0.306,0.279,0.373,0.292,0.355,0.292,0.323,0.329,0.249,0.307,0.339,0.434,25.205,20.656,22.49,21.083,19.01,18.036,44.711,199.82,0.5058,60-tensor-chiptune-folk-cover.mp3,6.11,-228.17,82.18,-5.09,-5.38,-8.8,37.75,26.0,12.55,0.05,4.46,-3.07,-2.92,-2.15,0.2149,0.1458,22050,music,2168.1,1729.6,1454.6,0.011,3199.2,123.0,0.0668
0.209,0.284,0.253,0.174,0.472,0.276,0.282,0.369,0.218,0.21,0.206,0.461,22.885,20.989,26.707,21.742,18.393,17.109,45.485,180.0,0.201,006bb682-fc81-3bed-fd3f-54ffa52318bc.mp3,5.49,-400.83,124.92,-5.46,-5.47,-3.21,60.94,29.09,14.08,3.57,-1.9,-5.01,-4.66,-3.73,0.0659,0.0667,22050,ace-step-output,1116.0,676.5,480.3,0.0003,1101.8,123.0,0.0262
0.293,0.291,0.321,0.508,0.379,0.331,0.487,0.328,0.407,0.448,0.355,0.324,19.265,16.43,21.327,20.61,20.457,19.27,47.184,90.0,0.236,0138ff8f-7ed6-4994-02f2-c4cd83e26348.mp3,2.75,-172.23,76.93,1.64,5.03,-2.18,17.57,28.71,2.87,3.47,-1.46,5.6,-6.18,2.55,0.1249,0.0694,22050,ace-step-output,2551.8,2304.6,979.7,0.0172,5119.9,143.6,0.0909
0.121,0.181,0.174,0.193,0.469,0.26,0.154,0.168,0.338,0.479,0.281,0.272,21.545,22.73,24.836,22.084,20.434,20.616,47.23,60.0,0.2347,01a640b9-d762-a7d9-7359-e2fdbb29b17c.mp3,1.83,-282.98,113.29,-10.15,-4.51,-9.71,42.33,39.2,11.04,4.25,8.32,-5.73,-2.64,-4.9,0.1297,0.069,22050,ace-step-output,1885.2,1216.7,867.9,0.003,2200.2,152.0,0.0375
0.348,0.245,0.302,0.224,0.249,0.262,0.392,0.646,0.341,0.297,0.259,0.407,22.605,19.271,24.746,20.427,19.101,16.063,45.322,60.0,0.2271,030169c5-d26b-477f-e1bd-4d4e27a03798.mp3,1.83,-401.63,98.06,-1.92,-2.2,-2.82,51.55,25.44,12.15,8.88,-2.42,-2.44,-3.13,-0.28,0.0615,0.0724,22050,ace-step-output,1666.5,1219.5,1134.6,0.0066,2401.1,76.0,0.0346
0.196,0.22,0.26,0.363,0.418,0.252,0.315,0.223,0.334,0.55,0.35,0.384,20.042,18.94,23.274,22.256,22.379,21.703,49.213,60.0,0.2514,03f21459-c826-327d-badd-3a71225de8e1.mp3,1.83,-232.47,103.73,-5.74,-1.08,-3.71,6.63,37.55,-1.92,1.0,-2.33,1.73,-7.93,-5.15,0.1168,0.0757,22050,ace-step-output,1942.8,1539.4,624.0,0.0023,3310.2,172.3,0.0571
0.264,0.279,0.567,0.298,0.223,0.201,0.274,0.535,0.266,0.158,0.192,0.284,20.835,18.535,23.978,20.899,18.898,18.114,45.899,90.0,0.251,049bed25-2a33-8042-9699-6d6e33fa500a.mp3,2.75,-239.25,80.91,-6.35,2.86,-4.16,33.67,12.92,-1.18,-7.04,-6.03,-5.06,-8.75,-5.7,0.1063,0.0847,22050,ace-step-output,2461.9,2184.2,1318.2,0.0163,4757.9,66.3,0.0815
0.169,0.499,0.346,0.173,0.202,0.087,0.116,0.248,0.393,0.142,0.178,0.156,20.915,20.082,26.379,26.493,20.541,16.386,45.084,60.0,0.1053,0c4f20d7-a290-4fc2-dd23-0b87196126e8.mp3,1.83,-424.26,128.99,-10.14,-10.66,-7.29,46.92,7.94,1.44,-4.63,-8.96,-6.08,-2.7,-5.13,0.0349,0.0371,22050,ace-step-output,1087.8,797.0,320.8,0.0002,1117.1,73.8,0.05
0.594,0.421,0.265,0.385,0.277,0.211,0.28,0.273,0.269,0.419,0.278,0.254,23.363,20.019,23.178,18.557,17.632,17.979,45.692,90.0,0.2597,11915f6b-bd42-ca22-8db9-0f19adbad072.mp3,2.75,-298.14,107.05,1.27,2.93,-1.11,53.06,43.84,16.92,8.9,9.1,2.65,-0.16,3.15,0.1219,0.082,22050,ace-step-output,1801.7,1168.4,1081.4,0.0067,2210.7,107.7,0.0372
0.202,0.162,0.226,0.177,0.214,0.252,0.528,0.253,0.162,0.263,0.291,0.487,22.102,21.12,25.803,22.782,20.678,19.569,45.133,60.0,0.1615,134d3323-ddb6-1979-eebd-a4c5c6337999.mp3,1.83,-354.98,151.22,-5.28,-5.27,-5.76,45.16,29.46,15.19,-2.34,-2.25,-6.54,-5.41,-5.66,0.0778,0.0516,22050,ace-step-output,1253.3,782.3,673.1,0.0008,1311.3,73.8,0.0311
0.178,0.216,0.206,0.197,0.441,0.287,0.226,0.198,0.328,0.542,0.375,0.35,22.066,22.194,24.642,21.353,20.839,19.662,46.956,240.0,0.2679,1481c3d1-5398-608c-19b7-cf569570e0fb.mp3,7.33,-287.67,101.37,-3.56,-0.59,-5.54,49.01,42.15,17.28,9.6,5.77,1.8,-5.19,0.79,0.1149,0.0791,22050,ace-step-output,1934.3,1223.5,884.1,0.0032,2394.8,123.0,0.0351
0.566,0.401,0.31,0.411,0.275,0.199,0.223,0.237,0.28,0.555,0.35,0.274,22.147,18.781,21.999,19.645,17.363,16.411,44.984,60.0,0.2372,158f5d5a-0cf1-6aa6-7443-679539a501d6.mp3,1.83,-354.69,69.68,-1.58,2.83,-0.42,39.87,20.19,7.75,9.54,0.6,3.03,-1.31,1.68,0.0764,0.0755,22050,ace-step-output,2089.2,1880.2,1584.2,0.0154,3834.4,129.2,0.0614
0.221,0.203,0.158,0.209,0.296,0.212,0.217,0.186,0.301,0.518,0.29,0.229,22.902,22.302,25.142,20.979,19.972,19.951,45.412,60.0,0.2445,1bb4a58b-7d09-dbf9-beec-917a33582294.mp3,1.83,-333.3,109.85,-7.41,-6.57,-10.96,43.72,38.85,19.3,3.59,8.8,-6.47,0.32,-5.12,0.0943,0.0736,22050,ace-step-output,1773.9,1126.1,893.1,0.0029,2159.8,152.0,0.0334
0.165,0.202,0.126,0.199,0.356,0.248,0.244,0.231,0.37,0.541,0.269,0.21,23.108,21.976,25.821,22.139,20.714,20.619,47.353,60.0,0.2345,1e6c6013-bb46-cdaa-6aa4-f260a6499bf3.mp3,1.83,-328.76,121.46,-11.57,-7.24,-9.09,54.23,40.14,20.44,8.17,10.22,-6.35,-2.35,-4.95,0.1101,0.0656,22050,ace-step-output,1772.1,975.5,652.9,0.0008,1545.2,76.0,0.0271
0.337,0.366,0.423,0.317,0.482,0.357,0.424,0.503,0.319,0.325,0.348,0.549,19.794,16.546,21.799,20.81,21.908,20.307,49.67,60.0,0.231,1ec8963c-cba9-894e-f82a-aca36bded53d.mp3,1.83,-234.83,84.62,-2.45,5.92,-0.47,7.52,24.91,9.55,9.1,-3.7,3.85,2.13,3.04,0.1052,0.0806,22050,ace-step-output,2393.6,2002.5,853.3,0.0082,4524.6,69.8,0.0657
0.236,0.278,0.171,0.153,0.437,0.317,0.328,0.399,0.251,0.277,0.221,0.401,23.031,21.302,24.735,20.421,16.672,16.526,45.272,240.0,0.2045,1ee9f9ad-7ff3-820b-d65c-215757dd1b55.mp3,7.33,-383.24,107.51,-1.67,-0.25,-0.79,62.11,30.36,10.09,7.4,0.81,-1.7,-1.45,-0.64,0.0771,0.0688,22050,ace-step-output,1218.0,683.2,485.3,0.0007,1135.9,117.5,0.0232
0.234,0.252,0.288,0.188,0.467,0.236,0.293,0.472,0.212,0.132,0.204,0.514,21.566,19.924,25.953,23.201,20.937,17.816,44.932,90.0,0.1569,2155cfa5-6e20-74fe-1059-e319e3c24340.mp3,2.75,-354.57,127.04,-3.2,-3.39,-2.46,47.52,20.75,12.7,1.63,-4.63,-5.86,-4.34,-1.54,0.0613,0.057,22050,ace-step-output,1427.7,822.4,370.2,0.0003,1256.0,129.2,0.0322
0.259,0.156,0.189,0.205,0.158,0.226,0.51,0.36,0.236,0.278,0.273,0.432,22.108,20.595,26.495,22.235,20.832,18.909,46.477,90.0,0.1945,225570a2-573a-42ae-ca75-e0d50a507e3e.mp3,2.75,-358.98,121.03,-3.92,-3.68,-4.14,46.34,28.0,11.65,4.33,-1.56,-6.58,-7.47,-4.07,0.0697,0.0625,22050,ace-step-output,1258.6,773.2,398.8,0.0002,1277.6,86.1,0.0294
0.403,0.332,0.39,0.309,0.255,0.228,0.326,0.519,0.368,0.378,0.356,0.466,22.313,18.979,25.162,22.226,18.891,16.239,44.215,60.0,0.309,23467830-9644-8c62-4cba-a178b900ca5b.mp3,1.83,-376.91,111.39,-1.97,-5.55,-3.8,57.71,26.97,12.53,8.59,0.21,-5.37,-2.92,1.27,0.0809,0.093,22050,ace-step-output,1269.9,798.8,641.0,0.0007,1474.8,152.0,0.0249
0.284,0.235,0.309,0.286,0.31,0.282,0.481,0.299,0.236,0.306,0.329,0.512,20.299,19.289,23.258,20.699,19.381,18.554,46.12,90.0,0.3018,260be0a1-e60c-3436-b5a2-97110430d59c.mp3,2.75,-212.83,81.27,-6.56,2.04,-5.49,38.64,21.3,5.41,0.71,-2.84,-2.03,-9.51,-2.43,0.1298,0.0851,22050,ace-step-output,2552.6,2163.8,1203.1,0.0157,4820.0,69.8,0.0753
0.303,0.143,0.221,0.208,0.105,0.233,0.587,0.417,0.225,0.26,0.302,0.515,21.983,20.511,25.046,21.479,19.836,16.164,44.959,60.0,0.0964,2ac6fec4-a2df-e186-de98-a888df1c37df.mp3,1.83,-403.88,140.06,-4.97,-6.43,-3.54,53.05,19.09,13.28,3.29,-4.2,-6.32,-6.79,-5.15,0.0434,0.0309,22050,ace-step-output,1095.0,688.8,423.3,0.0002,1111.1,80.7,0.0274
0.359,0.259,0.354,0.27,0.3,0.31,0.261,0.389,0.346,0.525,0.458,0.318,20.701,18.169,22.578,22.246,20.993,19.248,48.031,60.0,0.2333,2b370b06-02fe-ed34-4732-c7862eed3e0a.mp3,1.83,-244.53,86.51,-5.35,-1.81,-3.44,30.72,21.81,2.87,2.32,-3.4,-0.98,-6.65,0.53,0.101,0.0644,22050,ace-step-output,2327.9,2034.8,1159.9,0.0102,4533.7,107.7,0.0703
0.193,0.242,0.293,0.152,0.421,0.259,0.284,0.339,0.198,0.216,0.236,0.599,21.465,19.726,26.047,22.763,21.906,18.294,45.465,60.0,0.1197,2d8a15e7-e3fb-7847-546e-7bfec9cf62d4.mp3,1.83,-416.16,134.64,-5.81,-5.11,-4.0,33.86,12.46,9.78,-2.93,-10.43,-9.15,-4.4,-3.63,0.0444,0.039,22050,ace-step-output,1229.0,854.9,503.4,0.0003,1564.7,69.8,0.0313
0.269,0.163,0.208,0.213,0.194,0.264,0.552,0.325,0.231,0.256,0.249,0.448,22.446,20.174,25.331,21.612,19.966,18.49,46.42,90.0,0.1415,2f6ad852-9ee5-10a5-dd05-c51f668f0b50.mp3,2.75,-384.62,117.05,-3.35,-2.47,-1.42,39.97,25.14,11.52,1.32,-1.65,-4.0,-5.47,-2.49,0.0497,0.0493,22050,ace-step-output,1347.2,851.9,435.5,0.0004,1466.3,152.0,0.0304
0.265,0.315,0.385,0.255,0.44,0.34,0.353,0.424,0.262,0.249,0.265,0.519,20.884,17.119,23.19,22.671,22.023,17.329,45.674,60.0,0.2639,323e7af6-df58-34d0-a124-39e4e7b07416.mp3,1.83,-331.35,88.26,0.21,-0.08,-3.13,39.54,15.26,4.83,4.5,0.35,4.43,1.13,5.64,0.0954,0.0883,22050,ace-step-output,1920.9,1679.8,1521.0,0.0103,3291.7,172.3,0.056
0.213,0.271,0.353,0.311,0.178,0.221,0.458,0.235,0.249,0.226,0.396,0.641,19.334,18.956,23.37,21.366,19.653,18.46,46.313,90.0,0.2474,357b0cd7-9c80-c18d-22ba-1d894ef91b4f.mp3,2.75,-213.06,75.24,-2.39,-0.59,-6.56,28.84,22.83,4.11,-0.69,-1.31,0.87,-7.68,2.51,0.1157,0.0813,22050,ace-step-output,2528.1,2251.0,1216.2,0.0176,4894.9,95.7,0.0875
0.341,0.317,0.275,0.326,0.37,0.379,0.603,0.405,0.224,0.192,0.254,0.455,22.566,19.141,24.557,22.696,20.972,20.883,47.705,60.0,0.2645,358f4980-4027-c7d9-65d7-3f0ac0b9ca81.mp3,1.83,-275.49,146.2,0.26,2.99,1.17,32.96,40.4,13.67,5.38,3.95,1.67,0.88,2.61,0.1389,0.0691,22050,ace-step-output,1382.8,806.6,435.0,0.0004,1523.6,143.6,0.0238
0.446,0.222,0.135,0.208,0.158,0.144,0.269,0.25,0.227,0.443,0.243,0.229,20.824,21.578,26.079,20.772,19.616,18.725,45.528,60.0,0.2128,380d9967-54ec-be0f-37b7-2b370938606e.mp3,1.83,-369.82,109.48,-6.66,-3.38,-7.92,52.27,28.78,14.9,2.52,2.1,-8.01,-2.43,-7.6,0.075,0.0664,22050,ace-step-output,1583.1,1091.9,1092.7,0.0029,1881.9,66.3,0.0427
0.212,0.255,0.261,0.309,0.282,0.319,0.508,0.295,0.309,0.356,0.283,0.308,20.214,18.991,21.941,19.723,19.08,17.691,46.143,90.0,0.2174,38ed242c-0d88-cb95-62f9-2e7610eae7ee.mp3,2.75,-246.48,65.14,-5.11,0.99,-8.95,28.46,27.44,0.28,0.19,-2.74,-2.26,-7.56,-3.52,0.095,0.0655,22050,ace-step-output,2584.9,2373.4,1271.3,0.0246,5157.5,107.7,0.0844
0.341,0.223,0.241,0.229,0.219,0.281,0.52,0.887,0.494,0.325,0.307,0.477,21.923,18.365,22.858,17.04,15.238,15.617,46.994,60.0,0.3373,39441df4-c6a1-ab68-d657-d54981160eaf.mp3,1.83,-412.22,74.18,-2.44,-0.24,-0.21,62.1,32.92,16.5,13.07,1.68,1.63,-3.22,1.02,0.0819,0.1064,22050,ace-step-output,1805.1,1287.5,1272.8,0.0034,2622.7,60.1,0.0356
0.386,0.357,0.195,0.305,0.453,0.407,0.414,0.304,0.273,0.394,0.199,0.174,23.404,20.34,24.66,19.237,19.249,15.33,44.621,420.0,0.3777,3ae8ad43-2b95-6109-ad1e-2f44cab6fb17.mp3,12.82,-380.56,106.61,3.18,4.59,3.07,63.0,36.8,19.99,6.89,5.16,6.08,1.27,-0.67,0.1286,0.1257,22050,ace-step-output,1049.3,592.7,503.1,0.0003,956.0,107.7,0.0244
0.183,0.155,0.194,0.16,0.298,0.238,0.428,0.274,0.173,0.208,0.252,0.497,21.804,20.391,26.871,23.881,21.873,20.024,47.135,60.0,0.156,3b9809b8-bbf3-dfdf-4d2b-bcb8aa71f848.mp3,1.83,-355.04,134.73,-7.8,-3.39,-2.61,43.07,27.2,7.37,0.89,-2.62,-5.32,-4.54,-5.54,0.0698,0.0505,22050,ace-step-output,1231.6,798.5,412.3,0.0002,1344.1,73.8,0.0352
0.294,0.232,0.319,0.501,0.273,0.35,0.553,0.4,0.424,0.464,0.354,0.292,21.833,17.893,21.942,20.694,18.748,18.396,46.445,60.0,0.2434,3d427062-3e97-a5d7-2ac7-a89a3bd7945a.mp3,1.83,-321.03,97.01,-0.93,1.7,-1.66,41.14,33.51,10.48,6.97,6.61,6.48,-4.44,3.64,0.0792,0.0744,22050,ace-step-output,1892.2,1296.4,905.8,0.0042,2637.4,117.5,0.0375
0.292,0.372,0.311,0.438,0.476,0.292,0.275,0.27,0.512,0.392,0.289,0.311,20.145,18.27,21.996,20.097,19.06,18.064,47.398,90.0,0.2215,3dea7f58-4700-765a-9b40-ecbd83786fbf.mp3,2.75,-187.18,82.66,-0.2,3.98,-2.95,25.67,38.58,6.08,6.24,0.16,5.12,-3.26,2.21,0.1148,0.0723,22050,ace-step-output,2402.3,2178.9,1060.6,0.0169,4778.2,95.7,0.0831
0.424,0.27,0.203,0.269,0.195,0.21,0.343,0.354,0.338,0.544,0.342,0.25,22.34,21.295,23.471,19.477,17.96,18.491,46.243,60.0,0.2406,47465084-d0ef-0b31-d7c8-5ffb46785f3d.mp3,1.83,-393.37,92.54,-2.68,-2.2,-6.4,51.66,30.38,14.25,8.89,7.03,-3.25,1.29,-2.37,0.0807,0.0779,22050,ace-step-output,1699.6,1134.5,1035.8,0.0022,2030.5,123.0,0.0335
0.288,0.325,0.278,0.238,0.529,0.313,0.325,0.327,0.196,0.223,0.237,0.41,22.272,20.646,24.54,21.497,18.127,18.025,45.941,90.0,0.2669,4763ce5f-7715-2768-225f-edce5ecc96d6.mp3,2.75,-276.7,100.25,-5.3,0.16,-5.97,52.8,33.26,9.27,2.0,-0.79,-2.37,-5.47,-1.95,0.1155,0.0871,22050,ace-step-output,1901.7,1377.1,1165.0,0.0071,2816.0,129.2,0.0452
0.132,0.243,0.218,0.199,0.29,0.237,0.447,0.215,0.246,0.202,0.258,0.445,21.032,18.901,24.448,22.056,21.162,20.701,47.556,90.0,0.2385,4911f43f-350f-df00-3e50-4cd764cd481e.mp3,2.75,-225.57,92.21,-6.16,2.12,-6.84,24.71,23.71,1.22,-5.58,-2.71,-2.52,-8.37,-1.36,0.1092,0.0724,22050,ace-step-output,2246.3,1990.1,1180.3,0.0124,4050.7,143.6,0.0835
0.389,0.257,0.183,0.231,0.297,0.31,0.496,0.527,0.331,0.341,0.234,0.319,23.831,19.792,25.122,19.293,17.517,14.983,44.481,360.0,0.1924,4be559c7-c901-6578-9c79-e745b7732026.mp3,10.99,-416.99,113.87,-0.75,-0.14,1.21,62.19,27.29,15.96,10.49,2.08,-4.33,-4.63,-2.08,0.056,0.0618,22050,ace-step-output,1071.7,589.5,407.9,0.0002,962.9,66.3,0.0191
0.332,0.26,0.234,0.213,0.325,0.251,0.368,0.461,0.327,0.375,0.295,0.418,21.559,19.687,24.598,20.348,18.813,17.562,46.038,90.0,0.2653,4d985d8a-f034-d9d8-569d-24c6e4e3d71e.mp3,2.75,-300.98,111.71,-2.94,0.18,-5.67,56.83,31.91,11.58,5.76,1.77,-0.64,-3.94,2.0,0.1104,0.0805,22050,ace-step-output,1911.3,1323.8,1129.0,0.007,2660.6,78.3,0.0424
0.25,0.306,0.255,0.184,0.556,0.325,0.277,0.45,0.25,0.247,0.261,0.544,22.877,20.56,26.644,21.119,17.347,15.813,44.541,90.0,0.1505,4eff9a9d-8abe-39aa-1294-b06bfcd3a24a.mp3,2.75,-412.87,154.71,-0.94,-2.88,-3.66,64.99,29.24,18.65,4.61,-2.12,-3.85,-4.59,-2.04,0.0611,0.0471,22050,ace-step-output,986.2,545.4,352.9,0.0001,807.7,129.2,0.0222
0.397,0.332,0.481,0.386,0.41,0.393,0.425,0.43,0.369,0.479,0.339,0.335,19.598,16.1,20.02,19.681,21.316,17.063,47.895,60.0,0.2492,5023d90a-d4f3-eb7e-139e-4c22ce82cfae.mp3,1.83,-245.43,83.95,-0.55,7.16,-0.17,28.89,14.4,11.21,10.18,-8.81,4.35,0.77,4.62,0.0903,0.0704,22050,ace-step-output,2475.1,2419.7,1549.0,0.0323,4858.2,143.6,0.1051
0.309,0.194,0.286,0.233,0.192,0.204,0.401,0.744,0.396,0.38,0.303,0.307,21.806,19.088,24.305,21.547,20.619,16.538,46.921,60.0,0.3121,5310d67c-72e4-924f-9e64-a3baf9efb8dd.mp3,1.83,-334.11,115.19,-1.77,-0.0,-0.28,54.85,25.48,12.48,12.68,-2.96,-2.72,-3.06,-0.04,0.0952,0.0906,22050,ace-step-output,1617.0,1027.5,822.7,0.0034,1905.1,76.0,0.0328
0.292,0.193,0.189,0.258,0.128,0.182,0.464,0.258,0.219,0.297,0.252,0.34,22.436,20.206,25.966,22.815,20.613,18.914,46.792,60.0,0.163,53fffe18-1c19-bbdc-bc96-a40fe1d1e3dc.mp3,1.83,-379.21,136.83,-5.21,-4.47,-3.84,39.21,25.34,12.36,-0.28,-3.41,-4.31,-6.52,-4.17,0.0617,0.0536,22050,ace-step-output,1201.5,749.2,331.7,0.0002,1204.4,161.5,0.0314
0.146,0.246,0.245,0.216,0.326,0.198,0.309,0.157,0.292,0.283,0.291,0.526,20.132,20.537,24.837,23.563,22.723,21.35,48.865,60.0,0.2414,5742d7b5-7b6e-87a8-5d73-411226a6b947.mp3,1.83,-285.71,114.33,-7.1,-1.14,-6.58,25.05,20.24,5.01,-0.97,-5.42,-4.07,-12.88,1.63,0.0969,0.0743,22050,ace-step-output,1821.0,1425.3,1021.3,0.005,2712.6,152.0,0.0575
0.214,0.392,0.379,0.255,0.19,0.145,0.188,0.271,0.543,0.303,0.313,0.337,20.388,17.082,22.995,23.09,23.208,20.83,48.571,60.0,0.3303,57f7af67-f7b8-1317-f314-561361d2d4fc.mp3,1.83,-235.91,86.32,-5.08,-0.91,-3.05,19.06,22.01,2.39,1.97,-2.84,0.69,-3.5,3.09,0.1244,0.0962,22050,ace-step-output,2215.8,1877.3,910.9,0.008,3977.5,129.2,0.0769
0.443,0.17,0.092,0.169,0.191,0.16,0.365,0.133,0.235,0.657,0.25,0.129,20.616,20.082,24.68,21.288,15.568,15.37,47.938,60.0,0.0461,5bf7d015-befa-b7cf-70d0-1b236770fa14.mp3,1.83,-424.15,112.74,-8.23,1.72,3.56,45.86,3.97,-5.73,-8.32,-12.87,-14.42,-19.2,-13.48,0.0238,0.0258,22050,ace-step-output,1486.3,965.4,415.5,0.0005,1472.1,89.1,0.0358
0.164,0.371,0.272,0.164,0.6,0.414,0.343,0.24,0.33,0.229,0.231,0.497,21.97,19.316,23.914,22.426,21.875,21.168,46.711,90.0,0.2249,5cc1069d-6859-f743-9694-9d953f11a35c.mp3,2.75,-258.78,104.24,-6.26,-2.88,-7.58,44.93,35.78,7.53,4.91,0.39,-1.83,-4.68,2.77,0.1077,0.0682,22050,ace-step-output,2062.0,1589.9,1133.9,0.0085,3293.6,83.4,0.0542
0.147,0.31,0.239,0.162,0.467,0.224,0.24,0.131,0.219,0.219,0.272,0.554,20.336,20.22,25.173,24.703,23.881,21.079,47.755,60.0,0.2145,5e03c782-e763-9dda-942b-680237d7d590.mp3,1.83,-289.17,117.6,-4.9,0.71,-5.4,30.38,17.11,6.03,-0.72,-1.32,-2.85,-7.51,-0.7,0.0912,0.0686,22050,ace-step-output,1737.2,1312.0,919.9,0.0029,2464.2,69.8,0.0564
0.358,0.287,0.392,0.289,0.41,0.377,0.274,0.386,0.316,0.481,0.312,0.261,19.669,18.024,22.895,22.599,20.93,19.901,47.548,60.0,0.2424,5ff6e6bc-3b77-30d2-d878-b0416c3918f1.mp3,1.83,-275.92,93.56,-4.9,2.2,-0.99,28.83,24.32,6.31,7.62,2.05,-0.63,-4.05,-1.55,0.1017,0.0708,22050,ace-step-output,2046.4,1792.0,1276.2,0.013,3656.1,112.3,0.0703
0.42,0.199,0.137,0.279,0.179,0.155,0.369,0.309,0.287,0.54,0.242,0.24,23.35,20.603,25.808,21.894,17.594,15.719,45.038,60.0,0.3282,626b351a-2b04-542b-6116-f159f8c5512e.mp3,1.83,-397.9,114.12,-8.42,-1.52,-0.66,51.93,17.91,4.96,-0.33,-5.59,-10.12,-11.11,-12.28,0.066,0.0959,22050,ace-step-output,1162.9,765.4,431.5,0.0004,1320.5,89.1,0.0311
0.223,0.173,0.219,0.334,0.247,0.265,0.415,0.268,0.319,0.39,0.251,0.265,22.392,21.46,24.954,22.423,21.338,19.834,46.953,90.0,0.22,64de63db-d210-8f20-c86e-134cea26dbc9.mp3,2.75,-290.09,114.74,-5.98,-3.64,-5.44,40.82,34.41,12.28,3.96,-0.29,-1.72,-7.81,-2.76,0.105,0.0675,22050,ace-step-output,1795.9,1259.1,1069.9,0.0056,2302.9,152.0,0.0454
0.249,0.259,0.188,0.265,0.384,0.25,0.261,0.199,0.37,0.459,0.278,0.251,19.863,20.559,23.424,22.383,21.282,20.239,46.94,90.0,0.2448,6d723228-76c4-ee00-70f6-ece255637889.mp3,2.75,-251.61,87.16,-9.62,-1.29,-8.4,45.03,32.4,7.16,6.6,7.12,-3.58,0.3,-3.31,0.1224,0.072,22050,ace-step-output,2381.3,1838.6,1138.7,0.0088,3846.3,112.3,0.06
0.297,0.343,0.355,0.274,0.461,0.299,0.333,0.344,0.259,0.275,0.343,0.565,20.883,17.477,21.639,21.21,21.052,19.381,46.466,90.0,0.3075,708290d1-8de5-e0cf-6476-60cabdcfe5e8.mp3,2.75,-191.0,85.35,-1.17,3.4,-3.39,31.63,26.62,5.59,4.56,2.55,4.66,-3.99,3.57,0.1557,0.0871,22050,ace-step-output,2489.5,2116.0,1087.2,0.0127,4756.7,172.3,0.0718
0.207,0.129,0.191,0.157,0.211,0.188,0.432,0.362,0.248,0.351,0.291,0.556,21.844,20.03,26.018,21.983,21.592,19.883,48.355,480.0,0.2244,7258527b-f00c-d56a-b545-2c4a69f1f8b6.mp3,14.65,-272.55,137.09,-3.59,-0.11,-2.65,13.63,29.49,9.0,2.74,-5.37,-4.1,-6.87,-1.88,0.1035,0.0708,22050,ace-step-output,1445.6,971.0,370.5,0.0005,1762.3,112.3,0.0377
0.319,0.272,0.128,0.201,0.343,0.355,0.51,0.519,0.353,0.374,0.197,0.232,23.575,20.265,24.976,20.83,19.763,16.948,45.26,480.0,0.3537,7306377e-5df2-50d9-b093-79dbfaec7aed.mp3,14.65,-348.25,131.84,-0.3,0.37,0.39,54.28,24.54,17.02,10.0,3.22,-1.48,-1.51,-0.44,0.1178,0.1097,22050,ace-step-output,1228.7,640.4,413.9,0.0003,966.1,61.5,0.0203
0.29,0.223,0.457,0.264,0.215,0.223,0.324,0.501,0.354,0.407,0.349,0.288,20.644,18.459,24.453,24.595,19.084,15.481,46.799,60.0,0.2243,730976fe-763d-b757-6305-766f571437d6.mp3,1.83,-344.57,117.27,-4.4,-5.63,-4.61,63.47,26.68,6.82,9.95,4.16,8.67,2.67,1.32,0.1036,0.0718,22050,ace-step-output,1571.5,1120.7,1131.9,0.0069,2099.5,76.0,0.0408
0.193,0.396,0.241,0.247,0.234,0.201,0.285,0.286,0.472,0.282,0.304,0.492,19.818,17.108,22.709,24.369,23.0,20.99,48.495,60.0,0.2777,75b66b54-7e47-ce49-d179-7dd199230cf4.mp3,1.83,-236.95,109.56,-2.91,0.28,-4.9,11.0,18.47,-1.48,-2.6,0.35,3.35,-1.77,3.95,0.135,0.0815,22050,ace-step-output,1905.2,1433.9,570.9,0.0025,2719.4,69.8,0.0616
0.54,0.263,0.123,0.271,0.137,0.122,0.227,0.23,0.239,0.445,0.267,0.168,21.619,22.05,24.212,20.835,19.283,19.503,46.532,60.0,0.2294,771719eb-63ac-8ea1-1b12-258318ae8217.mp3,1.83,-372.51,97.72,-7.27,-3.84,-6.93,54.05,30.29,13.83,9.56,6.39,-4.29,1.2,-4.63,0.0776,0.074,22050,ace-step-output,1547.3,1041.7,1036.4,0.0026,1843.8,143.6,0.0381
0.236,0.137,0.17,0.161,0.228,0.203,0.408,0.293,0.272,0.283,0.24,0.437,22.236,20.984,26.586,23.175,21.951,20.686,47.52,90.0,0.155,799fd37b-e0dc-2954-73a6-7694671ee25c.mp3,2.75,-343.35,147.16,-8.84,-7.79,-5.58,31.82,34.01,12.6,3.15,-3.3,-5.93,-8.84,-6.79,0.0747,0.0495,22050,ace-step-output,1226.5,746.1,265.6,0.0002,1178.7,152.0,0.0317
0.367,0.306,0.359,0.377,0.344,0.313,0.457,0.276,0.215,0.315,0.371,0.533,21.761,19.07,23.242,20.81,18.932,18.237,46.118,90.0,0.3469,79f43c77-9f6b-df94-4224-b3dc2abbfd45.mp3,2.75,-265.34,98.86,-1.52,3.7,-2.64,49.61,27.48,7.03,2.67,0.48,2.41,-4.71,0.81,0.1327,0.1035,22050,ace-step-output,2116.3,1523.0,1113.3,0.0067,3245.7,143.6,0.0474
0.39,0.333,0.491,0.412,0.341,0.412,0.542,0.684,0.51,0.458,0.467,0.485,21.357,16.121,19.007,14.804,14.863,16.039,46.383,60.0,0.344,7a2b1892-dc23-76d0-7ec4-6e0118e91f5f.mp3,1.83,-338.99,72.41,1.05,3.57,-0.44,66.07,34.97,16.82,18.91,2.98,9.42,-0.81,6.72,0.1454,0.1181,22050,ace-step-output,2141.2,1975.0,1836.6,0.0144,3776.4,123.0,0.0647
0.204,0.168,0.155,0.206,0.312,0.173,0.135,0.153,0.345,0.639,0.376,0.262,21.309,22.451,25.145,21.881,20.745,20.159,46.019,60.0,0.2378,7a42ac3b-c485-b94e-12d8-3a8303d12cf1.mp3,1.83,-323.84,116.18,-11.53,-7.85,-7.65,44.44,36.65,14.65,8.11,4.94,-5.54,-1.78,-5.92,0.1097,0.0738,22050,ace-step-output,1572.9,985.2,807.1,0.0021,1630.8,152.0,0.0329
0.266,0.273,0.281,0.51,0.248,0.292,0.466,0.394,0.48,0.431,0.291,0.257,21.154,17.983,23.259,20.709,21.16,18.486,46.705,60.0,0.2938,7cd87e35-5f12-8799-0af1-f6194a35d92a.mp3,1.83,-344.38,92.2,-4.55,0.57,1.1,45.08,24.6,4.61,1.36,-6.47,0.27,-1.97,0.03,0.0779,0.0887,22050,ace-step-output,1918.7,1404.0,995.5,0.0036,2891.8,136.0,0.0453
0.266,0.235,0.256,0.366,0.313,0.266,0.422,0.235,0.295,0.363,0.275,0.375,20.336,19.265,23.63,20.744,19.865,17.732,46.142,90.0,0.2671,7deaece1-98df-4d1c-4279-9e49274589b5.mp3,2.75,-207.02,79.95,-3.05,1.06,-5.8,27.33,21.85,3.74,0.58,-6.65,-4.26,-8.79,-1.95,0.1217,0.0876,22050,ace-step-output,2384.3,2200.8,1281.1,0.0201,4649.7,112.3,0.0893
0.139,0.099,0.162,0.141,0.133,0.188,0.456,0.368,0.244,0.325,0.26,0.468,21.671,21.051,26.94,24.406,23.697,22.429,47.816,60.0,0.1701,7e1c049c-8175-76e0-c8fb-3a8149fde815.mp3,1.83,-317.23,163.75,-8.13,-4.77,-3.27,17.67,29.92,9.39,-4.16,-3.88,-2.68,-2.43,-4.74,0.091,0.0502,22050,ace-step-output,1125.5,740.7,384.0,0.0002,1237.4,143.6,0.031
0.271,0.314,0.297,0.345,0.47,0.288,0.275,0.21,0.392,0.534,0.38,0.409,19.192,19.043,21.815,20.487,20.347,18.853,46.793,90.0,0.2369,7e8704d5-c7bf-f8a2-542c-8d0654337a70.mp3,2.75,-178.99,75.62,-2.94,1.81,-6.89,34.82,31.76,7.54,7.49,-0.1,1.26,-8.44,0.47,0.1364,0.0723,22050,ace-step-output,2641.9,2300.8,1094.9,0.0152,5237.8,99.4,0.0793
0.226,0.13,0.217,0.178,0.189,0.219,0.478,0.364,0.251,0.319,0.312,0.514,21.984,20.591,26.08,22.638,22.407,19.826,46.559,90.0,0.1886,7f913525-df15-015e-b0ff-fa0eefb0e002.mp3,2.75,-342.56,146.0,-6.27,-4.47,-2.74,38.12,30.92,14.81,3.23,-2.23,-4.84,-6.16,-3.3,0.0812,0.0576,22050,ace-step-output,1199.6,734.9,349.0,0.0002,1231.1,143.6,0.03
0.344,0.198,0.239,0.415,0.208,0.191,0.415,0.338,0.296,0.652,0.312,0.231,21.332,18.914,24.478,22.303,16.6,15.998,46.293,60.0,0.2452,810fac7c-ee72-7616-b0e6-a403d095404d.mp3,1.83,-396.02,125.91,-7.7,-4.34,-2.5,54.34,13.46,3.91,1.61,-4.2,-10.05,-14.13,-11.35,0.0589,0.0764,22050,ace-step-output,1280.4,780.8,404.7,0.0003,1215.8,184.6,0.0319
0.246,0.151,0.178,0.164,0.187,0.275,0.546,0.308,0.256,0.316,0.258,0.443,21.503,21.2,25.599,23.12,22.494,19.97,47.312,60.0,0.1629,8112de10-a6bc-2a6f-73c2-7df3ad2bbd52.mp3,1.83,-335.37,139.08,-7.43,-9.26,-6.99,26.56,27.96,10.9,1.23,-3.2,-6.62,-10.33,-5.0,0.0782,0.0495,22050,ace-step-output,1392.1,895.3,442.0,0.0005,1576.6,143.6,0.0329
0.321,0.213,0.337,0.324,0.214,0.217,0.41,0.245,0.19,0.246,0.342,0.564,19.762,19.567,23.764,20.608,19.531,18.53,46.341,90.0,0.3296,8129d3d2-dd42-ad9a-bec6-25cea093ab2f.mp3,2.75,-234.56,92.67,-4.81,0.52,-4.91,40.21,30.34,4.54,5.31,-2.36,-0.89,-5.75,-4.15,0.1272,0.093,22050,ace-step-output,2268.2,1788.0,1162.9,0.0118,3781.0,172.3,0.0638
0.34,0.3,0.281,0.232,0.361,0.267,0.31,0.319,0.241,0.3,0.25,0.366,21.009,20.347,25.021,21.451,19.584,19.075,46.148,60.0,0.2298,82147964-44ec-58f9-4bb0-4c51820cef41.mp3,1.83,-351.36,107.0,-4.06,-0.16,-4.84,51.85,32.76,13.94,7.9,6.3,-5.21,1.1,-1.58,0.082,0.0716,22050,ace-step-output,1667.0,1089.2,845.0,0.0018,2123.1,73.8,0.0351
0.345,0.302,0.266,0.491,0.418,0.414,0.607,0.355,0.357,0.478,0.261,0.267,21.218,18.146,23.141,22.533,21.087,19.375,48.752,60.0,0.3242,8656a945-1837-c138-6355-05ef374b9641.mp3,1.83,-235.12,103.53,0.36,0.84,-2.59,46.2,30.05,5.66,8.04,-3.1,3.41,-6.77,3.13,0.1466,0.1,22050,ace-step-output,2048.0,1517.8,1017.0,0.0077,3231.1,112.3,0.0498
0.402,0.285,0.423,0.324,0.279,0.31,0.362,0.489,0.319,0.363,0.379,0.305,19.845,17.419,22.391,21.891,20.773,19.86,47.973,60.0,0.2265,8821d44f-fa1b-bab4-12a6-94c93890bea4.mp3,1.83,-233.44,79.55,-3.74,1.19,-3.24,24.95,25.22,-1.57,7.79,-2.13,0.69,-9.95,0.44,0.0986,0.0649,22050,ace-step-output,2446.9,2095.8,994.5,0.0111,4581.5,152.0,0.0726
0.173,0.248,0.155,0.162,0.558,0.315,0.165,0.181,0.326,0.527,0.333,0.256,22.505,22.873,24.04,22.198,21.432,20.84,45.996,60.0,0.2325,88424684-50e3-b769-bd19-544d6f2f49e4.mp3,1.83,-344.66,114.76,-4.38,-3.88,-6.74,47.5,36.39,18.94,6.65,13.83,-4.6,2.01,-3.38,0.099,0.0711,22050,ace-step-output,1755.6,1037.1,747.3,0.0012,1784.3,99.4,0.0275
0.249,0.245,0.357,0.173,0.362,0.272,0.325,0.6,0.31,0.199,0.21,0.52,22.55,19.497,26.18,22.431,19.74,15.415,44.885,60.0,0.1105,887c9af2-1e2d-bec6-0488-d433fc6e6290.mp3,1.83,-409.35,114.31,-4.18,-3.86,-3.98,51.88,17.75,10.38,2.99,-5.58,-6.05,-2.99,-3.11,0.0365,0.0436,22050,ace-step-output,1179.1,767.0,477.9,0.0003,1373.1,47.9,0.0295
0.155,0.108,0.218,0.164,0.146,0.2,0.516,0.401,0.244,0.322,0.313,0.605,21.322,19.834,25.385,22.33,23.473,20.097,48.95,360.0,0.2747,89d75121-aca9-cf22-b528-698f639c6865.mp3,10.99,-282.08,146.38,-5.47,-3.34,-3.42,17.64,18.28,7.03,3.77,-8.95,-5.81,-5.15,-3.96,0.1179,0.0896,22050,ace-step-output,1226.1,846.7,377.7,0.0003,1470.6,60.1,0.0366
0.086,0.167,0.138,0.126,0.41,0.308,0.276,0.27,0.421,0.604,0.344,0.232,22.742,22.69,25.104,21.05,20.816,19.258,45.684,60.0,0.2315,8d39feec-9182-434f-ef17-b87dd456e725.mp3,1.83,-384.04,124.3,-5.58,-8.07,-5.6,61.71,42.04,27.64,13.46,6.63,-0.23,-3.72,-2.26,0.0895,0.0717,22050,ace-step-output,1009.9,525.9,372.4,0.0001,757.4,112.3,0.0197
0.336,0.396,0.364,0.289,0.557,0.407,0.358,0.414,0.327,0.304,0.321,0.503,21.515,17.963,21.102,18.984,18.217,18.295,46.361,90.0,0.2449,8f91d9bb-325c-fc7a-e808-1db7d8bb0311.mp3,2.75,-269.13,86.57,-3.26,2.34,-5.81,31.01,31.45,9.34,4.96,4.7,3.23,-6.84,2.07,0.1034,0.0793,22050,ace-step-output,2341.8,1761.5,1028.8,0.0117,3851.0,86.1,0.0504
0.206,0.188,0.197,0.288,0.286,0.28,0.425,0.249,0.268,0.362,0.244,0.287,21.805,21.415,24.65,21.997,20.578,19.393,46.11,90.0,0.216,90914d6a-48d9-e0f9-2a26-c20b4cf0d17c.mp3,2.75,-289.6,107.45,-4.57,-0.2,-5.86,39.56,29.7,7.83,1.51,-0.0,-4.13,-8.89,-3.14,0.0968,0.0666,22050,ace-step-output,2003.6,1483.0,1124.8,0.007,2881.6,152.0,0.0509
0.248,0.27,0.191,0.191,0.462,0.278,0.155,0.134,0.263,0.416,0.287,0.301,22.294,22.727,25.587,22.31,20.376,19.825,45.481,60.0,0.1776,945f7118-27f7-79bb-f016-513029734d6a.mp3,1.83,-358.74,119.36,-6.45,-5.61,-5.85,60.63,39.04,17.42,8.67,5.85,-4.91,2.28,-5.4,0.0862,0.0592,22050,ace-step-output,1406.5,841.1,875.6,0.0016,1367.0,76.0,0.0302
0.408,0.479,0.399,0.46,0.545,0.362,0.335,0.364,0.685,0.583,0.433,0.441,20.578,16.682,19.667,18.301,18.497,17.866,47.086,60.0,0.2572,948882df-f246-689c-0d09-90b04a26d5fd.mp3,1.83,-223.98,74.88,1.71,4.59,-0.74,21.17,37.85,9.35,7.71,1.93,7.51,0.72,5.41,0.1142,0.0839,22050,ace-step-output,2387.6,1967.5,790.0,0.0113,4565.4,95.7,0.0591
0.667,0.335,0.207,0.35,0.16,0.253,0.399,0.285,0.253,0.597,0.258,0.123,23.888,17.766,19.545,13.747,15.07,15.643,46.142,60.0,0.0856,95179cd5-648b-5306-1b4d-64bb5ed2410c.mp3,1.83,-267.34,116.3,-2.62,-1.37,-3.74,-9.76,37.55,8.62,10.65,0.27,2.24,-1.87,-2.46,0.0591,0.0269,22050,ace-step-output,1959.4,1334.9,384.1,0.0012,2913.1,123.0,0.0204
0.168,0.231,0.18,0.192,0.447,0.287,0.202,0.188,0.357,0.5,0.319,0.303,23.027,22.245,24.99,22.331,20.838,19.798,46.658,180.0,0.2209,96739a6b-73aa-9476-e3e9-d15f1762fb99.mp3,5.49,-329.44,123.65,-7.65,-3.41,-5.78,58.07,38.55,18.39,7.54,7.25,-0.7,-2.58,-0.92,0.1071,0.068,22050,ace-step-output,1501.5,870.9,812.4,0.002,1454.0,129.2,0.0288
0.206,0.322,0.271,0.288,0.264,0.282,0.433,0.267,0.27,0.214,0.331,0.477,20.756,20.933,24.087,21.377,20.993,19.55,46.909,60.0,0.184,9af3d152-2071-0586-d26f-8807938447e4.mp3,1.83,-326.97,95.16,-6.42,-1.99,-6.66,38.4,28.26,8.05,3.62,-1.59,-3.47,-7.44,-2.89,0.069,0.0571,22050,ace-step-output,2065.7,1542.7,1017.9,0.0055,3226.5,117.5,0.048
0.159,0.284,0.306,0.189,0.419,0.284,0.294,0.236,0.336,0.353,0.447,0.633,20.461,16.3,21.522,19.96,20.404,19.126,48.403,60.0,0.405,9c8f3e2a-31db-5224-20ed-9761e2c887bb.mp3,1.83,-294.44,87.07,-1.09,1.94,-2.56,31.4,20.61,6.75,9.71,-1.28,0.76,1.54,5.98,0.1387,0.1331,22050,ace-step-output,2042.4,1710.9,1276.8,0.0094,3482.6,107.7,0.0669
0.462,0.292,0.12,0.225,0.247,0.261,0.434,0.37,0.282,0.491,0.225,0.117,21.822,20.59,24.087,20.314,18.038,16.495,46.965,300.0,0.3937,9daf381b-569d-ab9f-4ef8-54025751f8cc.mp3,9.16,-336.69,101.67,-2.02,0.05,-1.68,42.87,26.99,11.17,10.58,2.17,0.48,-3.8,-0.7,0.1176,0.1266,22050,ace-step-output,1720.7,1090.4,768.9,0.0023,2006.0,61.5,0.0335
0.566,0.297,0.128,0.207,0.298,0.177,0.293,0.268,0.225,0.413,0.238,0.225,23.521,20.496,26.891,22.039,18.248,17.087,45.812,60.0,0.1982,9df2c816-67eb-fc52-353c-f7701a2deda8.mp3,1.83,-389.76,137.6,-2.91,-1.2,1.05,60.72,23.07,5.78,2.35,-3.88,-7.34,-6.42,-2.61,0.0779,0.063,22050,ace-step-output,1170.6,686.4,431.0,0.0002,1069.5,184.6,0.0272
0.172,0.219,0.46,0.219,0.215,0.289,0.357,0.532,0.465,0.331,0.29,0.339,21.588,18.572,25.201,21.997,19.24,17.26,46.481,60.0,0.2851,9f3b9db6-541b-bb75-aeae-3c6787bcfe0c.mp3,1.83,-345.26,115.38,0.44,1.53,1.18,67.27,26.04,9.55,9.05,2.19,2.31,-3.17,3.59,0.1127,0.0889,22050,ace-step-output,1675.8,1211.6,1312.5,0.0056,2234.7,117.5,0.0397
0.261,0.17,0.177,0.197,0.266,0.242,0.49,0.263,0.188,0.27,0.224,0.414,21.806,21.249,26.462,23.815,20.796,18.11,45.865,60.0,0.1056,a0273bf5-29be-c947-f774-627f88df52cb.mp3,1.83,-382.89,156.81,-10.33,-5.96,-4.81,45.43,20.35,8.45,-1.18,-6.37,-8.04,-9.29,-10.3,0.0567,0.0329,22050,ace-step-output,1031.1,647.3,279.5,0.0001,948.3,99.4,0.0322
0.288,0.135,0.214,0.211,0.117,0.185,0.436,0.311,0.13,0.155,0.241,0.54,22.088,20.017,26.061,20.899,18.068,17.185,45.853,60.0,0.1421,a0dbdfd2-195f-9bf9-4892-d96a0c9ab6d5.mp3,1.83,-438.24,113.45,-5.52,-3.3,-2.22,45.02,19.0,8.06,0.43,-5.47,-9.55,-7.59,-6.54,0.031,0.0444,22050,ace-step-output,1316.3,827.7,311.1,0.0004,1374.1,64.6,0.0311
0.549,0.336,0.215,0.321,0.209,0.192,0.332,0.436,0.346,0.472,0.332,0.255,22.271,20.242,22.672,20.212,19.608,19.071,45.63,60.0,0.2805,a0e3acd1-df72-cb08-5e17-db9945533ce0.mp3,1.83,-334.81,96.91,-2.09,-0.3,-3.43,50.11,41.18,15.98,9.09,9.12,-0.79,-2.94,-1.75,0.0906,0.0816,22050,ace-step-output,1850.6,1150.0,813.1,0.0026,2249.5,80.7,0.0285
0.36,0.357,0.328,0.294,0.463,0.365,0.436,0.38,0.273,0.334,0.344,0.488,19.788,17.843,21.98,19.412,18.6,17.497,45.956,90.0,0.2315,a2d93d19-1291-65cb-77b7-0ca5d1f49d2e.mp3,2.75,-210.33,63.57,-2.47,2.82,-5.4,33.98,30.0,1.89,1.72,-3.89,0.12,-5.51,-2.54,0.1,0.0643,22050,ace-step-output,2645.2,2650.6,1368.1,0.0325,5613.1,123.0,0.1064
0.176,0.117,0.194,0.144,0.211,0.217,0.475,0.287,0.185,0.326,0.286,0.526,22.257,20.975,26.674,23.404,22.435,20.385,46.938,90.0,0.168,a5cdf7d7-682f-d384-d459-9b9b35b7dee6.mp3,2.75,-317.44,147.62,-6.5,-6.01,-5.05,33.07,30.8,11.72,-0.81,-6.88,-7.93,-8.85,-6.05,0.0849,0.0509,22050,ace-step-output,1201.6,766.0,329.7,0.0002,1245.7,123.0,0.0339
0.44,0.175,0.08,0.256,0.165,0.171,0.432,0.199,0.204,0.707,0.282,0.065,21.42,19.824,25.516,22.266,16.098,15.244,45.786,60.0,0.0424,a63a355f-76e4-60fb-b47b-ccad01cd5458.mp3,1.83,-476.17,121.79,-4.05,1.28,3.9,42.35,8.0,3.92,-0.75,-5.81,-10.07,-12.83,-10.08,0.016,0.0224,22050,ace-step-output,1313.5,876.8,399.8,0.0004,1453.5,107.7,0.0367
0.221,0.25,0.304,0.193,0.363,0.251,0.268,0.281,0.223,0.28,0.301,0.517,21.714,20.682,25.821,22.502,19.343,18.341,45.985,90.0,0.2428,a669e770-431f-14f5-598b-cecb4324a521.mp3,2.75,-318.24,118.21,-3.8,-0.34,-4.5,60.18,33.36,12.19,5.45,2.02,-0.96,-3.42,-1.55,0.1044,0.0772,22050,ace-step-output,1545.4,1053.0,1029.1,0.0037,1950.5,123.0,0.0397
0.314,0.161,0.219,0.234,0.119,0.151,0.402,0.258,0.197,0.307,0.281,0.562,22.465,19.831,26.564,22.588,19.485,17.714,45.398,60.0,0.121,a7fa062d-2239-0fba-5982-f407733decf3.mp3,1.83,-400.15,149.31,-7.78,-3.86,0.26,43.1,21.7,10.63,-4.27,-6.73,-7.55,-7.44,-6.3,0.0483,0.0402,22050,ace-step-output,1115.2,710.2,385.7,0.0002,1097.3,76.0,0.0297
0.344,0.329,0.468,0.463,0.407,0.436,0.583,0.489,0.505,0.545,0.473,0.599,21.805,14.025,18.381,18.297,16.532,16.555,45.182,60.0,0.1923,adc81dac-2f17-9a21-d9fe-db3d7574bea5.mp3,1.83,-350.74,88.02,-2.84,0.44,-0.75,68.82,12.37,6.58,7.68,-1.67,5.94,-3.43,4.29,0.082,0.0659,22050,ace-step-output,2344.3,2332.2,1975.7,0.0241,4595.2,117.5,0.0957
0.405,0.412,0.469,0.384,0.533,0.431,0.454,0.489,0.421,0.39,0.405,0.587,21.877,16.73,20.382,18.917,18.297,18.37,46.902,60.0,0.2987,ae0625ef-fec5-8c69-c479-f4f23f1e78f9.mp3,1.83,-212.38,69.26,0.97,2.35,-1.75,39.45,23.74,3.61,4.62,1.28,9.31,-7.93,5.22,0.147,0.0865,22050,ace-step-output,2692.9,2361.4,1194.2,0.0175,5361.3,129.2,0.0736
0.234,0.132,0.2,0.199,0.196,0.227,0.503,0.363,0.253,0.356,0.307,0.465,22.257,20.494,26.389,22.431,22.881,20.31,47.036,90.0,0.2039,aeea5f87-8912-82e5-631a-4cd0f219b0b8.mp3,2.75,-311.06,146.94,-7.15,-4.68,-2.83,32.6,27.74,14.04,1.08,-5.91,-8.07,-8.08,-5.49,0.098,0.0612,22050,ace-step-output,1214.9,769.4,353.6,0.0002,1274.1,99.4,0.032
0.205,0.126,0.212,0.216,0.208,0.218,0.51,0.342,0.207,0.252,0.271,0.48,22.177,20.78,26.687,23.527,21.447,19.01,45.77,90.0,0.1333,b2425ae5-e6fe-7834-23e0-1d278c2e5712.mp3,2.75,-348.71,150.11,-6.58,-6.76,-4.35,40.87,27.85,10.51,-1.64,-3.4,-5.86,-7.1,-2.56,0.0687,0.0425,22050,ace-step-output,1247.9,741.7,303.8,0.0002,1117.1,99.4,0.0314
0.417,0.209,0.188,0.228,0.157,0.154,0.286,0.26,0.242,0.416,0.321,0.352,20.942,21.744,25.025,21.013,20.719,19.023,45.538,60.0,0.2133,b3f873a7-9715-5578-93c1-ff9f89c0ca32.mp3,1.83,-354.48,112.74,-5.48,-2.5,-6.02,58.62,32.35,13.3,8.79,2.66,-8.11,1.8,-3.78,0.0782,0.0651,22050,ace-step-output,1599.4,1074.3,1015.0,0.0021,1976.9,161.5,0.0364
0.304,0.306,0.307,0.385,0.315,0.347,0.419,0.384,0.512,0.496,0.328,0.321,20.552,17.89,20.488,18.621,18.692,17.45,45.894,60.0,0.3102,b9785728-e047-c97e-f234-8ef828724715.mp3,1.83,-272.18,85.51,-0.93,-1.71,-5.17,35.43,29.36,7.43,7.5,1.57,2.22,-3.9,1.61,0.1119,0.0925,22050,ace-step-output,2150.3,1773.8,1286.2,0.0234,3644.4,86.1,0.0693
0.209,0.323,0.28,0.176,0.476,0.296,0.342,0.342,0.235,0.219,0.27,0.513,21.288,20.012,24.886,22.667,21.673,20.1,47.108,90.0,0.2958,bb2fea6b-5f4a-979a-1c07-b1f8f893fc17.mp3,2.75,-274.56,111.56,-4.95,-0.08,-6.06,39.76,29.45,7.12,2.68,0.9,-3.26,-8.63,-2.65,0.115,0.0908,22050,ace-step-output,1751.2,1316.3,1019.3,0.0053,2652.1,123.0,0.0494
0.269,0.151,0.223,0.263,0.172,0.214,0.448,0.352,0.203,0.258,0.265,0.438,21.184,19.509,25.071,23.982,22.473,21.069,47.73,60.0,0.2343,bd0a1ad9-e65b-2264-4550-4b448e26c379.mp3,1.83,-338.73,119.5,-3.13,-4.85,-6.08,28.12,18.41,4.34,-2.05,-2.56,-3.81,-5.25,-2.6,0.0791,0.0734,22050,ace-step-output,1393.7,1022.7,624.5,0.001,1807.4,86.1,0.046
0.182,0.128,0.206,0.164,0.164,0.21,0.483,0.362,0.255,0.374,0.286,0.525,22.548,20.508,25.922,22.215,22.215,20.701,49.328,480.0,0.2339,c209ed56-1d8a-3e5c-5f20-ef2b3d52ad43.mp3,14.65,-256.13,135.8,-6.23,-2.34,-3.25,8.75,31.48,9.58,1.87,-5.46,-1.98,-6.69,-4.74,0.1169,0.0736,22050,ace-step-output,1434.7,1012.2,453.0,0.0006,1890.0,123.0,0.04
0.169,0.355,0.247,0.181,0.49,0.308,0.268,0.185,0.314,0.243,0.3,0.524,22.291,19.771,24.117,21.673,18.797,18.368,46.112,90.0,0.2333,c4d7bb5a-0d3f-12e7-47ae-09cd917d4876.mp3,2.75,-344.6,109.05,-5.49,-0.76,-8.49,53.91,30.71,12.29,3.44,3.12,-1.66,-5.15,-0.58,0.0791,0.0786,22050,ace-step-output,1828.6,1247.1,1016.2,0.0039,2466.8,123.0,0.04
0.354,0.257,0.32,0.262,0.263,0.231,0.344,0.397,0.332,0.403,0.309,0.412,21.222,19.771,23.979,21.13,18.258,16.834,45.09,90.0,0.2324,c545a69d-7114-8114-f8e2-5a56115d45d5.mp3,2.75,-311.45,105.59,-0.69,-0.58,-4.01,50.13,32.43,11.59,6.57,2.88,2.67,-0.81,1.69,0.0987,0.0678,22050,ace-step-output,1933.0,1353.6,1070.8,0.0062,2746.9,78.3,0.0421
0.36,0.212,0.292,0.33,0.207,0.244,0.431,0.36,0.243,0.261,0.313,0.421,21.852,21.268,23.517,21.393,20.191,19.435,45.615,60.0,0.2143,c54f0b5d-4630-c005-38ec-ac9624a973df.mp3,1.83,-349.18,109.56,-3.87,-5.23,-6.71,42.07,29.42,12.83,3.94,5.97,-4.77,3.06,-1.79,0.0795,0.069,22050,ace-step-output,1678.7,1111.6,893.3,0.0026,2086.9,143.6,0.0328
0.299,0.217,0.228,0.224,0.252,0.229,0.393,0.258,0.185,0.215,0.251,0.424,20.242,22.458,24.718,21.421,20.128,21.054,46.413,60.0,0.245,c95fd922-f4ed-a0e6-2f6d-5968708c3480.mp3,1.83,-353.34,114.11,-8.25,-5.86,-8.69,43.66,29.46,8.92,-1.37,2.18,-11.37,-3.75,-4.59,0.0872,0.0767,22050,ace-step-output,1684.2,1087.3,835.2,0.002,1917.3,152.0,0.0331
0.226,0.195,0.228,0.569,0.112,0.167,0.392,0.17,0.23,0.129,0.288,0.349,20.069,18.846,25.341,25.719,19.374,17.019,45.695,60.0,0.1045,cc161ad7-4d5d-a2d2-b0b8-cfc1ac3deb8c.mp3,1.83,-384.68,156.07,-9.26,-6.9,-5.05,37.31,13.49,-1.81,-10.78,-7.75,-8.99,-6.7,-6.9,0.0469,0.0319,22050,ace-step-output,1184.0,819.6,339.0,0.0002,1263.3,76.0,0.0431
0.378,0.22,0.171,0.244,0.316,0.223,0.368,0.376,0.26,0.404,0.238,0.335,23.46,18.76,23.999,18.647,16.165,15.449,45.965,60.0,0.0822,cc74bc12-abff-b4fd-e534-12d577405d27.mp3,1.83,-410.6,110.39,-3.79,-2.71,-1.22,27.62,16.14,11.94,-1.0,-4.7,-9.76,-9.88,-5.05,0.0275,0.0326,22050,ace-step-output,1594.6,1064.5,456.4,0.0007,2037.0,76.0,0.0282
0.333,0.3,0.334,0.249,0.432,0.309,0.311,0.433,0.305,0.368,0.309,0.435,21.169,18.484,22.858,21.966,20.368,20.32,46.233,60.0,0.3018,d044fa5d-f0b9-7563-aed7-1bc876c3de6e.mp3,1.83,-165.61,72.95,-6.01,3.58,-6.93,46.83,27.36,1.01,2.92,7.65,-2.84,1.19,-1.55,0.1719,0.0858,22050,ace-step-output,2837.2,2516.8,1173.4,0.0131,5677.8,123.0,0.0841
0.518,0.342,0.185,0.287,0.274,0.214,0.273,0.277,0.301,0.491,0.311,0.24,22.457,21.574,24.233,20.807,19.343,18.871,45.51,90.0,0.2483,d12dc6de-dd11-0022-0946-a30fe27718ac.mp3,2.75,-327.5,112.22,-3.83,-1.69,-4.39,47.13,43.17,18.91,9.23,9.81,0.12,1.0,-3.02,0.1093,0.074,22050,ace-step-output,1723.3,1057.9,922.5,0.0026,1990.2,143.6,0.0285
0.46,0.304,0.223,0.335,0.317,0.224,0.325,0.298,0.28,0.452,0.282,0.308,23.009,20.059,24.093,20.096,19.315,18.942,47.052,90.0,0.244,d17a2378-f438-bec7-d961-a0d9269262a0.mp3,2.75,-311.25,97.56,-2.08,2.12,-0.53,34.87,31.09,13.24,3.61,2.08,-0.04,-5.8,-0.73,0.0887,0.0779,22050,ace-step-output,1839.6,1368.6,1159.8,0.008,2738.9,152.0,0.0494
0.18,0.181,0.422,0.147,0.11,0.126,0.217,0.668,0.289,0.078,0.087,0.25,19.906,19.57,26.2,23.116,15.246,15.153,45.487,60.0,0.094,d7838501-277b-0af2-9ea8-2a9c8396ff2b.mp3,1.83,-434.84,144.99,-5.96,-3.91,-3.61,35.41,16.68,-1.86,-12.37,-7.42,-9.99,-6.95,-5.61,0.0328,0.0295,22050,ace-step-output,1267.1,864.0,371.7,0.0004,1310.7,76.0,0.0413
0.176,0.199,0.16,0.204,0.366,0.259,0.26,0.222,0.34,0.535,0.327,0.264,22.044,22.526,24.768,21.12,19.998,19.81,45.834,60.0,0.2162,e1a7e403-c468-a172-0052-b2ec6d3484aa.mp3,1.83,-324.29,114.4,-4.81,-0.31,-8.53,48.19,39.64,20.98,6.89,9.12,-3.95,-0.6,-1.22,0.1027,0.0662,22050,ace-step-output,1796.7,1082.0,776.5,0.0017,2080.6,99.4,0.0284
0.188,0.211,0.162,0.235,0.332,0.267,0.253,0.23,0.374,0.54,0.288,0.23,22.877,21.769,25.833,21.739,19.889,19.622,45.22,60.0,0.2086,e2fc74dc-bd18-537a-11e5-57344552f651.mp3,1.83,-377.15,114.18,-7.97,-6.5,-4.25,61.39,40.24,23.73,11.57,8.77,-1.46,0.31,-2.88,0.0821,0.064,22050,ace-step-output,1266.9,652.7,438.6,0.0002,943.9,76.0,0.0215
0.221,0.241,0.19,0.27,0.373,0.254,0.219,0.216,0.376,0.499,0.315,0.288,22.869,22.231,24.886,21.374,19.627,19.666,45.609,60.0,0.2131,e3fe8092-4fbb-95b7-f721-093c21b295f7.mp3,1.83,-379.99,127.39,-6.73,-4.31,-6.96,59.74,39.31,19.24,9.49,9.85,-2.73,-2.4,-3.0,0.087,0.0626,22050,ace-step-output,1349.8,759.2,666.3,0.0009,1259.4,152.0,0.0238
0.428,0.366,0.319,0.314,0.325,0.346,0.35,0.511,0.418,0.479,0.378,0.281,21.136,18.466,21.554,21.359,20.764,19.255,47.729,60.0,0.1907,e4e40f39-2d9d-72ea-4499-2bf7da0ee703.mp3,1.83,-326.12,91.52,-6.23,-1.01,-6.35,32.19,33.48,13.46,13.75,5.17,4.5,-0.83,-3.04,0.0729,0.0595,22050,ace-step-output,2026.6,1720.0,1365.5,0.02,3492.5,117.5,0.061
0.159,0.158,0.239,0.096,0.294,0.152,0.23,0.356,0.193,0.209,0.244,0.62,21.623,20.166,27.695,23.657,21.359,17.34,44.883,60.0,0.1376,e5c5ac12-265d-9789-8f4a-3b2be6ae3e6f.mp3,1.83,-391.22,143.75,-7.26,-7.1,-5.22,53.09,16.0,8.01,-3.81,-11.22,-11.72,-10.33,-7.84,0.0554,0.0457,22050,ace-step-output,980.8,649.2,299.6,0.0001,948.2,69.8,0.0327
0.207,0.228,0.332,0.178,0.402,0.25,0.329,0.37,0.207,0.215,0.255,0.634,21.576,19.617,26.634,24.789,22.47,18.819,45.904,60.0,0.1413,e66a9e45-9df8-8ff9-b027-72c89e709dee.mp3,1.83,-395.26,151.92,-8.88,-10.48,-6.83,40.11,9.7,6.5,-0.98,-5.64,-9.86,-9.31,-5.99,0.0584,0.0468,22050,ace-step-output,1059.7,740.5,452.6,0.0002,1246.0,136.0,0.0317
0.231,0.183,0.314,0.182,0.225,0.22,0.336,0.556,0.335,0.359,0.34,0.415,20.915,19.049,24.743,22.809,20.152,17.77,46.777,60.0,0.3217,ebeecd5a-c66f-5875-9daa-1864aaf59862.mp3,1.83,-333.61,121.52,-2.71,-1.6,-2.03,53.9,18.7,10.63,8.76,-1.4,-2.66,-4.1,-0.73,0.1124,0.0956,22050,ace-step-output,1529.8,1042.3,1041.4,0.0044,1875.3,76.0,0.0402
0.269,0.279,0.223,0.245,0.433,0.28,0.158,0.142,0.284,0.438,0.314,0.347,22.512,22.486,24.809,21.934,20.073,19.976,45.879,60.0,0.2142,ebfb1b51-4950-e68f-f887-35e9582eb333.mp3,1.83,-317.67,115.36,-6.16,-4.63,-7.22,46.13,43.45,20.06,9.95,9.55,-1.97,1.32,-2.36,0.1027,0.0669,22050,ace-step-output,1723.4,966.3,643.9,0.0012,1722.5,76.0,0.024
0.268,0.439,0.258,0.279,0.284,0.231,0.317,0.276,0.411,0.275,0.29,0.368,20.818,19.441,23.206,21.595,20.11,18.931,46.743,90.0,0.2657,efe5dfa5-3dce-de28-eaec-aabcba179350.mp3,2.75,-230.28,90.01,-4.1,0.88,-6.75,34.72,29.46,5.69,4.35,-1.39,0.56,-9.15,-0.48,0.129,0.0773,22050,ace-step-output,2188.9,1825.3,1244.4,0.0131,3779.4,76.0,0.0681
0.39,0.264,0.288,0.265,0.272,0.219,0.348,0.594,0.285,0.294,0.253,0.554,22.393,19.993,26.696,21.738,18.991,15.54,45.484,90.0,0.2156,f1219dd4-09f7-4a99-2d0a-6ff9cf4fe767.mp3,2.75,-381.48,144.53,-3.85,-5.06,-3.81,53.67,18.85,10.8,8.07,-3.03,-8.82,-6.39,-2.84,0.0737,0.0669,22050,ace-step-output,1307.5,724.7,467.5,0.0005,1169.6,123.0,0.0265
0.37,0.379,0.364,0.63,0.285,0.278,0.365,0.284,0.516,0.268,0.27,0.359,19.663,17.22,23.139,21.89,23.134,20.497,50.111,60.0,0.2771,f2b80d9b-66e8-4882-7b28-e652d7fcd29b.mp3,1.83,-217.91,104.44,-5.39,1.71,-1.06,15.96,29.88,-1.21,9.6,-6.07,-1.92,-6.93,3.97,0.1171,0.0791,22050,ace-step-output,2174.1,1675.9,717.0,0.0079,3706.0,161.5,0.0526
0.227,0.243,0.253,0.167,0.387,0.263,0.314,0.301,0.201,0.28,0.267,0.457,20.466,19.944,25.652,22.605,21.337,19.735,46.425,180.0,0.2324,f52b8333-9cfd-c93c-d8e1-8ce2dd51dbd9.mp3,5.49,-281.81,108.45,-4.56,-1.91,-5.68,42.26,30.58,7.72,3.98,-1.16,-3.52,-6.17,-2.71,0.1092,0.0713,22050,ace-step-output,1898.5,1378.8,1009.8,0.0045,2682.6,69.8,0.0475
0.249,0.315,0.204,0.176,0.563,0.284,0.253,0.292,0.16,0.208,0.243,0.522,22.117,20.876,26.096,22.776,21.259,20.85,46.614,60.0,0.1975,f5b6daaa-7e92-6303-d2e8-dd6f14839ea1.mp3,1.83,-280.72,116.6,-4.25,-0.83,-6.17,51.9,27.92,10.66,-0.78,-3.81,-2.18,-9.13,-3.12,0.1036,0.0653,22050,ace-step-output,1725.4,1258.5,1034.0,0.0032,2735.4,143.6,0.0469
0.286,0.286,0.508,0.317,0.384,0.263,0.288,0.398,0.289,0.358,0.372,0.59,20.329,17.784,22.67,23.647,21.153,18.256,45.657,60.0,0.3355,f7318a27-9be5-ff68-e11e-40b5e0018029.mp3,1.83,-309.25,101.67,-2.64,-1.31,-3.72,42.66,25.18,9.14,3.38,2.8,3.24,3.47,3.72,0.1154,0.1029,22050,ace-step-output,1834.9,1487.6,1271.9,0.0095,3106.6,86.1,0.0627
0.455,0.291,0.2,0.268,0.284,0.206,0.272,0.364,0.338,0.437,0.292,0.284,22.663,19.841,22.797,19.771,18.446,18.434,46.621,60.0,0.185,f7c9d148-fdde-124a-07ba-d32f7527c586.mp3,1.83,-426.37,86.79,-6.25,-1.3,-5.23,35.23,22.93,8.31,3.11,3.11,-4.47,-1.53,-5.27,0.0508,0.0645,22050,ace-step-output,1830.4,1367.6,1016.1,0.0027,2736.8,143.6,0.0348
0.35,0.312,0.431,0.482,0.299,0.33,0.502,0.425,0.595,0.583,0.443,0.403,20.631,17.467,19.676,18.572,17.79,17.001,47.0,60.0,0.2537,fe36105b-4746-f307-46b4-2e4365a87ffc.mp3,1.83,-229.17,84.44,-1.18,2.92,-1.78,28.34,25.27,4.56,7.58,1.08,5.05,-2.44,3.83,0.121,0.0736,22050,ace-step-output,2343.1,1983.5,1176.0,0.0131,4456.2,129.2,0.0533
0.313,0.24,0.352,0.41,0.239,0.289,0.543,0.324,0.309,0.381,0.399,0.634,19.553,16.856,22.437,21.681,20.748,19.482,48.391,60.0,0.3385,ff41bcc9-5f5e-6910-8caa-554b49fe9e32.mp3,1.83,-258.46,95.06,-5.88,0.32,-5.43,21.11,7.18,-12.38,-2.83,-11.87,-7.58,-10.07,-1.97,0.1157,0.0986,22050,ace-step-output,2149.8,1794.5,1102.4,0.0059,3731.2,143.6,0.0553
0.179,0.378,0.245,0.174,0.5,0.312,0.287,0.184,0.269,0.19,0.262,0.484,21.745,20.058,24.04,21.713,20.324,19.472,46.601,60.0,0.2079,sf12-conductor-acapella.mp3,1.83,-278.08,106.8,-6.43,1.46,-7.21,42.0,29.73,5.82,1.22,-0.54,-3.17,-6.84,1.25,0.1026,0.0659,22050,ace-step-output,1985.6,1438.4,1013.1,0.006,2903.5,69.8,0.0459
0.148,0.289,0.334,0.214,0.368,0.216,0.228,0.165,0.306,0.185,0.353,0.707,21.223,20.416,25.099,22.65,21.881,21.032,47.465,60.0,0.2125,sf12-conductor-classical-v2.mp3,1.83,-278.81,125.8,-6.37,-2.53,-5.01,37.36,27.14,9.88,3.05,-1.26,-3.87,-10.74,-0.3,0.1029,0.0657,22050,ace-step-output,1746.5,1275.6,928.3,0.0036,2593.3,107.7,0.0473
0.137,0.251,0.293,0.17,0.307,0.21,0.307,0.172,0.228,0.168,0.314,0.634,20.058,20.712,25.23,23.608,22.493,21.079,48.387,60.0,0.2417,sf12-conductor-classical.mp3,1.83,-247.77,111.33,-2.35,0.96,-9.06,20.19,28.87,6.79,-4.1,-4.06,2.11,-7.83,-0.05,0.1145,0.0787,22050,ace-step-output,1976.3,1533.0,992.5,0.0046,3255.6,129.2,0.0566
0.192,0.363,0.258,0.182,0.543,0.347,0.285,0.259,0.401,0.277,0.284,0.469,21.67,19.64,22.598,20.942,19.178,19.144,45.278,60.0,0.2227,sf12-conductor-deltablues.mp3,1.83,-295.65,103.39,-5.3,-1.73,-6.61,36.11,33.08,12.24,2.39,6.82,1.2,-4.87,0.21,0.0953,0.0675,22050,ace-step-output,1988.4,1422.1,1032.3,0.0063,2799.1,69.8,0.0462
0.199,0.322,0.313,0.238,0.333,0.284,0.408,0.299,0.403,0.288,0.314,0.57,19.144,17.538,21.252,21.135,19.781,18.809,45.708,60.0,0.2564,sf12-conductor-dub.mp3,1.83,-251.52,78.09,-2.36,-2.12,-6.27,29.47,16.76,0.3,-3.61,-2.57,-0.23,-5.24,3.37,0.1022,0.0721,22050,ace-step-output,2489.6,2177.3,1182.6,0.0172,4724.9,143.6,0.0781
0.2,0.309,0.348,0.24,0.385,0.263,0.307,0.205,0.259,0.205,0.333,0.623,22.039,20.519,24.135,21.358,19.481,19.211,47.309,60.0,0.242,sf12-conductor-shoegaze.mp3,1.83,-288.75,96.66,-4.53,2.36,-6.01,37.63,24.32,6.72,1.55,0.06,-0.52,-8.24,0.66,0.1019,0.0777,22050,ace-step-output,2119.7,1610.8,1095.3,0.0066,3270.7,143.6,0.0509
0.267,0.453,0.304,0.248,0.553,0.419,0.481,0.357,0.439,0.315,0.316,0.505,21.146,17.089,21.582,20.847,19.779,18.37,46.364,60.0,0.2668,sf12-conductor-synthwave.mp3,1.83,-187.27,99.37,2.55,4.89,-2.55,43.1,31.85,6.86,8.26,2.55,6.19,0.47,7.94,0.1498,0.0734,22050,ace-step-output,2347.0,1848.0,1045.0,0.0098,4317.9,143.6,0.0524
0.294,0.281,0.348,0.357,0.322,0.33,0.438,0.282,0.31,0.454,0.383,0.484,20.116,18.376,23.049,20.745,18.738,18.119,46.305,60.0,0.2588,sf12-pocket-neosoul.mp3,1.83,-272.71,99.07,-3.61,1.23,-5.39,49.04,39.1,8.83,5.27,7.53,1.59,1.54,0.65,0.1246,0.0734,22050,ace-step-output,2039.6,1587.0,1196.5,0.0117,3329.0,172.3,0.0539
0.367,0.193,0.266,0.263,0.151,0.219,0.495,0.392,0.263,0.306,0.33,0.508,21.32,20.04,24.732,21.012,17.935,18.077,44.635,60.0,0.2815,sf12-quorum-ambient.mp3,1.83,-318.29,108.05,-4.29,-0.41,-2.76,58.35,30.03,8.85,2.5,2.05,-3.6,-0.54,-0.34,0.1063,0.0888,22050,ace-step-output,1793.4,1221.5,964.0,0.0024,2687.8,123.0,0.0353
0.358,0.26,0.167,0.265,0.369,0.234,0.346,0.244,0.242,0.518,0.298,0.244,21.474,20.235,24.04,22.692,20.291,21.532,47.991,60.0,0.2612,sf12-quorum-choral.mp3,1.83,-241.15,101.58,-6.36,2.59,-9.46,26.88,23.27,0.9,-0.87,7.26,-4.03,-7.03,-0.69,0.1209,0.0799,22050,ace-step-output,2174.0,1714.4,1090.7,0.0074,3397.0,123.0,0.0637
0.164,0.271,0.277,0.251,0.486,0.292,0.235,0.232,0.377,0.474,0.382,0.51,20.924,20.206,23.378,21.424,20.384,19.946,46.19,60.0,0.2223,sf12-quorum-country.mp3,1.83,-234.74,94.59,-6.51,-0.83,-6.5,26.09,38.45,6.51,5.45,3.34,-0.15,-6.76,-2.94,0.1142,0.0634,22050,ace-step-output,2228.9,1665.2,848.6,0.0059,3702.3,161.5,0.051
0.215,0.173,0.279,0.204,0.233,0.279,0.464,0.416,0.256,0.238,0.327,0.506,22.324,20.864,23.725,20.416,19.663,18.731,45.222,60.0,0.2568,sf12-quorum-folk.mp3,1.83,-337.12,106.27,-6.08,-6.68,-8.49,45.81,33.58,15.75,3.8,6.36,-6.12,0.19,-3.09,0.0979,0.0786,22050,ace-step-output,1860.5,1235.6,1018.6,0.0039,2336.4,143.6,0.0342
0.222,0.233,0.312,0.216,0.331,0.262,0.337,0.389,0.305,0.373,0.353,0.433,19.939,19.928,22.751,21.015,19.82,19.329,45.955,60.0,0.1679,sf12-quorum-jazz.mp3,1.83,-312.94,95.21,-0.39,0.96,-7.0,45.24,39.69,14.2,8.21,10.19,0.98,6.82,3.31,0.0908,0.0499,22050,ace-step-output,2121.4,1581.6,1214.4,0.0083,3219.8,89.1,0.0522
0.303,0.25,0.339,0.297,0.27,0.314,0.578,0.417,0.288,0.319,0.389,0.597,21.122,17.53,22.315,20.495,18.859,18.734,45.815,60.0,0.2336,sf12-quorum-techno.mp3,1.83,-205.01,104.17,0.53,3.77,-2.12,41.0,30.79,4.19,3.08,1.8,4.19,-4.11,2.51,0.1378,0.067,22050,ace-step-output,2241.1,1854.1,1243.2,0.0097,4107.5,129.2,0.0555
0.361,0.329,0.345,0.395,0.367,0.299,0.374,0.247,0.335,0.409,0.328,0.418,20.459,18.595,22.194,19.751,18.719,18.117,46.604,120.0,0.2308,sf13-duration-120-pocket.mp3,3.66,-280.72,88.38,-3.46,0.11,-7.32,46.46,36.26,7.63,6.61,5.6,-0.14,-0.65,2.33,0.0984,0.0678,22050,ace-step-output,2243.8,1794.6,1207.4,0.0147,3827.7,172.3,0.0597
0.361,0.244,0.301,0.3,0.246,0.285,0.545,0.446,0.285,0.235,0.305,0.503,21.425,19.225,24.041,20.663,18.548,18.105,44.249,120.0,0.2992,sf13-duration-120-quorum.mp3,3.66,-297.34,116.16,-2.56,-0.14,-1.79,58.42,32.2,9.38,3.01,3.26,-2.47,3.5,1.83,0.1348,0.0929,22050,ace-step-output,1563.6,1058.2,1051.1,0.0035,2001.1,123.0,0.037
0.332,0.271,0.322,0.415,0.313,0.381,0.637,0.376,0.326,0.424,0.313,0.335,21.57,18.188,22.121,19.728,18.281,18.194,46.485,120.0,0.2158,sf13-duration-120-scheduler.mp3,3.66,-238.14,86.97,0.54,4.59,-4.79,37.74,30.61,4.13,3.98,2.05,3.59,-3.61,4.66,0.1044,0.0678,22050,ace-step-output,2352.2,2035.2,1268.2,0.0135,4454.3,117.5,0.0676
0.152,0.203,0.164,0.209,0.383,0.248,0.248,0.213,0.336,0.46,0.292,0.285,22.105,22.277,25.138,21.821,20.481,19.914,45.779,60.0,0.2261,sf13-ensign-folk.mp3,1.83,-276.77,114.23,-4.22,-2.67,-7.79,38.1,42.2,17.38,4.7,4.92,0.5,-6.29,-1.42,0.1181,0.0709,22050,ace-step-output,1799.0,1204.7,998.7,0.0047,2205.2,129.2,0.0418
0.192,0.295,0.276,0.243,0.299,0.244,0.422,0.231,0.28,0.236,0.294,0.551,20.631,19.148,24.134,23.254,21.477,19.701,47.697,60.0,0.2568,sf13-guidance-03.mp3,1.83,-246.11,104.08,-1.8,1.83,-5.49,28.91,23.12,3.37,-1.71,-0.18,1.74,-8.5,1.26,0.1075,0.0802,22050,ace-step-output,1986.9,1677.8,1172.0,0.0086,3424.9,143.6,0.0674
0.177,0.336,0.27,0.202,0.424,0.274,0.289,0.189,0.315,0.27,0.268,0.477,21.436,19.634,24.299,23.14,21.626,21.331,48.476,60.0,0.1463,sf13-guidance-05.mp3,1.83,-285.03,114.03,-4.12,0.92,-6.01,20.36,26.86,6.24,-3.01,0.39,2.09,-8.99,0.54,0.0727,0.0432,22050,ace-step-output,1927.6,1501.6,970.2,0.0059,2966.2,143.6,0.0582
0.152,0.282,0.274,0.217,0.295,0.202,0.289,0.175,0.257,0.267,0.326,0.584,20.237,19.631,24.128,22.513,22.013,21.306,48.55,60.0,0.2604,sf13-guidance-07.mp3,1.83,-254.1,107.53,-5.96,0.25,-6.52,14.99,25.93,7.2,-2.46,-2.9,-0.42,-7.69,-1.36,0.1088,0.0795,22050,ace-step-output,1903.3,1496.6,886.0,0.0048,2928.3,143.6,0.0593
0.121,0.286,0.27,0.153,0.443,0.27,0.318,0.174,0.209,0.178,0.253,0.55,20.15,20.48,24.93,23.922,22.488,21.537,47.549,60.0,0.2195,sf13-guidance-11.mp3,1.83,-266.67,124.58,-8.23,-2.2,-6.41,25.46,23.28,5.55,-5.2,-2.27,-2.93,-7.88,0.47,0.1076,0.0653,22050,ace-step-output,1761.0,1356.4,982.4,0.0053,2583.6,152.0,0.0546
0.145,0.275,0.294,0.223,0.285,0.204,0.313,0.182,0.247,0.178,0.301,0.544,20.131,20.191,25.033,22.993,21.644,20.562,46.869,60.0,0.2346,sf13-guidance-15.mp3,1.83,-241.02,117.14,-6.67,0.29,-8.14,26.33,24.43,2.78,-3.25,-4.48,-1.04,-8.17,-4.84,0.1216,0.0686,22050,ace-step-output,1889.9,1504.5,1067.4,0.006,2925.3,69.8,0.0587
0.341,0.23,0.35,0.259,0.177,0.211,0.234,0.397,0.255,0.286,0.313,0.27,19.413,18.874,25.059,23.395,21.262,20.198,46.93,60.0,0.282,sf13-instanton-jazz.mp3,1.83,-265.71,94.16,-5.87,-0.62,-8.84,42.21,22.82,5.83,1.78,2.13,-5.2,2.06,-1.26,0.1238,0.085,22050,ace-step-output,2349.4,1804.1,1150.1,0.007,3836.4,69.8,0.0587
0.174,0.318,0.254,0.197,0.422,0.284,0.348,0.208,0.306,0.197,0.267,0.581,21.121,19.347,24.809,24.397,22.308,20.961,48.1,60.0,0.1898,sf13-repro-run1.mp3,1.83,-272.41,122.63,-3.02,-2.23,-4.68,26.91,24.39,4.66,-0.43,0.56,-0.11,-8.65,0.56,0.0953,0.0634,22050,ace-step-output,1737.1,1312.2,969.1,0.0052,2519.9,69.8,0.052
0.168,0.306,0.236,0.213,0.321,0.23,0.369,0.198,0.322,0.225,0.244,0.493,21.034,19.926,24.201,23.59,22.682,20.404,48.148,60.0,0.225,sf13-repro-run2.mp3,1.83,-243.93,117.63,-5.54,0.09,-7.06,23.66,19.36,7.04,-3.1,-3.73,-2.14,-8.88,1.32,0.1136,0.071,22050,ace-step-output,1869.8,1563.5,1187.5,0.0087,3112.6,143.6,0.0681
0.33,0.284,0.255,0.465,0.359,0.378,0.617,0.37,0.34,0.361,0.226,0.246,20.236,18.601,23.036,20.759,21.109,19.825,47.97,60.0,0.2684,sf13-scheduler-minimalist.mp3,1.83,-205.31,100.61,1.5,3.92,-3.3,23.43,36.71,6.39,3.98,-0.09,3.4,-5.64,1.37,0.1273,0.0829,22050,ace-step-output,2144.6,1728.2,931.0,0.0068,3962.7,117.5,0.0592
0.194,0.269,0.281,0.27,0.52,0.313,0.225,0.21,0.376,0.519,0.355,0.398,19.864,19.303,22.637,20.963,20.448,19.746,46.856,90.0,0.2341,sf20-bluegrass-spring-reverb.mp3,2.75,-185.19,91.45,-4.46,0.35,-4.35,23.64,36.2,7.11,2.75,1.43,1.27,-8.53,-0.27,0.1361,0.0672,22050,ace-step-output,2403.0,1942.1,963.0,0.0103,4320.7,172.3,0.0631
0.206,0.268,0.271,0.283,0.531,0.326,0.252,0.219,0.381,0.52,0.343,0.396,20.217,19.23,22.448,21.223,20.714,19.801,46.93,90.0,0.2707,sf20-dakar-berlin-techno.mp3,2.75,-188.44,96.76,-6.11,-0.94,-5.81,25.5,37.55,7.08,6.31,0.98,0.89,-6.75,-1.46,0.1448,0.0762,22050,ace-step-output,2329.0,1767.8,847.6,0.0068,3965.8,172.3,0.0552
0.385,0.308,0.451,0.562,0.329,0.336,0.588,0.378,0.376,0.438,0.426,0.479,20.289,16.169,20.311,18.868,17.435,16.611,45.694,90.0,0.295,sf20-pansori-feedback.mp3,2.75,-205.37,73.1,-0.52,3.11,-3.12,33.21,22.38,0.75,0.84,-3.05,4.66,-7.46,0.33,0.1356,0.0924,22050,ace-step-output,2616.6,2311.5,1211.8,0.0197,5241.9,129.2,0.0728
0.335,0.357,0.396,0.315,0.493,0.324,0.373,0.416,0.249,0.31,0.311,0.541,19.756,16.945,21.914,21.227,21.791,20.672,49.164,60.0,0.2699,sf20-polka-black-metal.mp3,1.83,-228.52,88.77,-2.74,2.21,-3.79,13.77,25.77,5.42,4.65,-5.02,3.97,-3.58,-1.97,0.1057,0.0838,22050,ace-step-output,2279.0,2088.5,1226.8,0.0224,4474.0,143.6,0.0921
0.369,0.428,0.432,0.427,0.411,0.439,0.613,0.44,0.476,0.398,0.46,0.554,22.202,16.555,20.688,19.464,18.019,16.801,46.011,60.0,0.3184,sf20-zydeco-shoegaze.mp3,1.83,-294.78,90.67,-1.51,-0.64,-0.77,54.6,29.95,6.85,9.22,3.16,4.21,-3.3,3.79,0.1369,0.1069,22050,ace-step-output,2175.8,1489.2,918.2,0.0047,3357.0,117.5,0.0338
0.224,0.324,0.195,0.133,0.595,0.428,0.24,0.239,0.325,0.274,0.202,0.336,23.194,21.604,23.643,20.73,16.506,17.107,44.803,90.0,0.1164,sf34-ace-cavern-ocean.mp3,2.75,-474.58,129.74,-3.96,-4.71,-5.83,59.42,31.33,12.91,6.39,4.79,0.53,-0.33,-2.69,0.0428,0.0387,22050,ace-step-output,1191.6,708.1,538.1,0.0003,1248.9,69.8,0.0213
0.375,0.17,0.236,0.301,0.115,0.211,0.566,0.386,0.212,0.192,0.273,0.52,23.507,18.923,25.603,22.161,15.854,16.113,45.495,90.0,0.166,sf34-ace-frozen-waterfall.mp3,2.75,-414.81,128.7,-4.59,-3.26,-0.09,52.48,20.2,2.45,-1.21,-1.63,-4.77,-4.27,-3.99,0.0589,0.0555,22050,ace-step-output,1329.8,861.2,538.1,0.0004,1519.7,117.5,0.0319
0.227,0.184,0.274,0.178,0.215,0.224,0.37,0.65,0.364,0.294,0.307,0.662,21.225,19.601,25.092,20.748,13.99,14.685,45.431,90.0,0.2896,sf34-ace-indigo-droplets.mp3,2.75,-344.96,107.74,-4.69,-1.48,-1.69,49.13,24.47,7.21,-4.88,-8.26,-0.88,-5.48,-3.19,0.0968,0.0937,22050,ace-step-output,1449.5,1042.5,901.8,0.0024,1857.8,64.6,0.0363
0.289,0.214,0.238,0.424,0.255,0.28,0.487,0.29,0.366,0.364,0.201,0.306,22.273,20.296,25.928,24.24,22.681,22.117,48.817,90.0,0.1994,sf34-ace-magnet-silence.mp3,2.75,-339.11,145.61,-6.35,-1.67,-2.0,34.26,38.27,9.34,-1.31,-1.1,-2.83,-0.78,-2.75,0.079,0.0616,22050,ace-step-output,1165.9,733.1,352.2,0.0002,1218.6,107.7,0.0304
0.372,0.264,0.309,0.275,0.285,0.264,0.495,0.67,0.393,0.363,0.353,0.526,20.722,18.398,22.873,21.218,19.497,17.535,46.759,90.0,0.1731,sf34-ace-neg-space-no-drums.mp3,2.75,-298.54,97.16,-1.35,4.15,-1.36,39.16,24.12,4.64,4.41,-0.43,2.85,-2.8,2.52,0.0765,0.0552,22050,ace-step-output,2277.3,1728.5,1166.0,0.0086,3753.6,89.1,0.0525
0.292,0.384,0.263,0.381,0.376,0.242,0.289,0.23,0.36,0.249,0.189,0.259,21.994,20.464,24.346,19.891,17.496,16.487,45.72,90.0,0.1092,sf34-ace-silence-instrument.mp3,2.75,-445.26,122.03,-2.98,-1.7,-0.44,53.64,24.13,13.8,4.5,-0.93,-3.06,-2.29,-1.48,0.0338,0.0371,22050,ace-step-output,1296.0,765.2,437.4,0.0003,1277.7,117.5,0.0246
0.45,0.379,0.399,0.545,0.411,0.391,0.437,0.37,0.399,0.385,0.339,0.362,18.324,15.555,17.274,19.877,16.627,15.57,45.417,184.11,0.2496,eileen-theme.mp3,5.63,-230.46,120.27,-1.29,2.18,-2.19,47.43,19.7,-7.51,4.3,-0.01,5.56,-0.4,1.53,0.0942,0.0821,22050,music,2119.7,1544.1,1049.8,0.0128,3255.9,172.3,0.0513
0.457,0.392,0.52,0.49,0.364,0.352,0.384,0.347,0.389,0.489,0.6,0.653,19.356,15.38,15.134,16.408,14.517,15.592,42.363,152.56,0.2915,iron-sharpens-iron.mp3,4.66,-220.87,102.69,0.62,2.74,-0.34,43.68,41.83,5.76,10.87,14.24,9.15,10.97,5.88,0.1351,0.0909,22050,music,2307.8,1511.0,782.1,0.0084,3537.2,95.7,0.0313
0.213,0.322,0.465,0.229,0.254,0.353,0.265,0.402,0.273,0.218,0.309,0.291,19.979,16.545,19.801,18.122,15.234,16.492,45.331,146.39,0.3581,laminar-edge.mp3,4.47,-170.36,103.1,-6.96,-2.6,-6.06,23.18,34.91,-8.53,-6.45,1.31,-3.54,-14.39,-4.63,0.167,0.1011,22050,music,2199.3,1654.8,706.0,0.0098,3555.9,99.4,0.0514
0.236,0.274,0.275,0.199,0.484,0.304,0.264,0.257,0.226,0.332,0.329,0.422,21.523,20.07,24.089,21.51,19.628,18.234,46.674,187.59,0.1933,s23-01-doom-jazz.mp3,5.73,-209.04,63.74,-3.88,-0.39,-6.98,32.67,30.15,2.77,10.0,0.33,-3.41,-4.1,-0.53,0.1041,0.0641,22050,mmx-session23,2704.1,2529.3,1136.3,0.0154,5620.1,123.0,0.0887
0.268,0.262,0.235,0.357,0.404,0.281,0.285,0.239,0.313,0.3,0.225,0.259,22.247,20.571,22.824,21.488,18.567,18.917,45.227,185.16,0.2447,s23-02-bossa-nova.mp3,5.66,-210.64,78.9,-2.46,-1.96,-8.19,27.58,35.23,9.06,5.52,14.44,-0.69,13.78,5.33,0.1371,0.0729,22050,mmx-session23,2460.3,1981.0,1066.8,0.0087,4335.2,161.5,0.0611
0.326,0.374,0.321,0.374,0.284,0.363,0.44,0.361,0.357,0.3,0.428,0.353,22.246,18.084,22.319,20.802,18.637,18.629,47.707,193.89,0.1447,s23-03-shoegaze.mp3,5.93,-122.72,43.34,1.39,5.03,-7.64,-4.55,59.25,4.76,15.62,11.85,-1.37,7.17,9.2,0.1208,0.0392,22050,mmx-session23,2493.6,2899.6,682.1,0.0222,5405.3,161.5,0.1368
0.404,0.383,0.344,0.347,0.393,0.392,0.325,0.334,0.366,0.468,0.388,0.319,21.757,15.915,19.656,19.745,17.079,15.685,44.39,201.39,0.1571,s23-04-industrial.mp3,6.16,-138.73,53.59,1.09,0.75,-2.91,28.57,16.63,-0.42,4.09,-0.68,6.42,0.45,2.41,0.1151,0.0471,22050,mmx-session23,2981.9,3215.7,1293.7,0.037,6754.4,161.5,0.1328
0.239,0.423,0.24,0.249,0.405,0.275,0.293,0.243,0.346,0.323,0.321,0.4,23.132,16.781,22.621,21.167,19.286,18.342,44.988,149.79,0.1803,s23-05-polka.mp3,4.58,-139.2,79.46,4.9,0.39,0.66,0.58,27.36,-2.87,3.04,1.4,2.46,-9.22,1.06,0.1337,0.0558,22050,mmx-session23,2450.9,2293.4,776.9,0.0136,4843.4,112.3,0.0882
0.151,0.161,0.304,0.12,0.332,0.202,0.131,0.177,0.205,0.412,0.2,0.328,23.083,20.272,26.621,26.89,22.132,23.026,46.703,174.1,0.1925,s23-06-baroque-chopral.mp3,5.32,-212.97,97.77,-11.45,-6.38,-13.33,9.67,31.46,-4.25,-3.0,14.4,-10.49,7.96,-3.84,0.1216,0.0596,22050,mmx-session23,2160.7,1865.9,886.9,0.0046,3691.5,161.5,0.0798
0.291,0.381,0.3,0.38,0.325,0.356,0.429,0.316,0.343,0.261,0.345,0.356,22.729,17.879,22.184,20.848,18.438,17.473,48.003,197.94,0.2343,s23-07-tropical-house.mp3,6.05,-207.7,64.07,1.0,3.18,-14.33,41.18,23.03,0.21,1.97,-2.78,-2.26,-1.3,-0.41,0.1219,0.0699,22050,mmx-session23,2860.4,2653.6,1202.5,0.0186,6034.0,136.0,0.0871
0.365,0.303,0.34,0.287,0.353,0.327,0.327,0.225,0.197,0.259,0.297,0.473,21.78,19.317,22.097,21.713,19.413,17.976,46.206,147.59,0.2379,s23-08-dub-reggae.mp3,4.51,-192.17,70.53,-3.25,2.98,-6.06,31.36,25.22,-10.93,9.85,-5.91,-0.73,5.63,-6.13,0.1313,0.0689,22050,mmx-session23,2533.9,2353.2,1149.4,0.016,5071.2,86.1,0.0889
0.311,0.259,0.302,0.396,0.29,0.327,0.51,0.345,0.411,0.356,0.304,0.313,20.762,16.097,20.958,18.95,17.126,15.901,48.471,214.99,0.1999,s23-09-trap-metal.mp3,6.57,-127.94,60.22,5.84,4.52,-0.25,-6.37,29.1,-5.53,12.27,0.8,11.67,1.78,8.75,0.1239,0.0567,22050,mmx-session23,2518.0,2672.6,865.4,0.0257,5554.2,92.3,0.1099
0.416,0.259,0.15,0.183,0.127,0.146,0.259,0.349,0.163,0.271,0.204,0.1,21.463,20.122,25.596,25.283,21.82,22.239,45.416,202.54,0.1671,s23-10-minimalist-classical.mp3,6.19,-302.15,89.49,-5.5,5.11,-10.61,30.49,23.66,1.95,-15.94,5.13,-15.31,13.48,0.42,0.0702,0.0558,22050,mmx-session23,2221.8,1929.3,1283.8,0.0078,3870.0,143.6,0.0811
0.538,0.472,0.537,0.529,0.438,0.57,0.65,0.615,0.522,0.517,0.534,0.564,19.556,12.657,15.443,19.12,18.432,16.694,46.261,157.52,0.3886,s23-11-throat-acid.mp3,4.82,-174.75,130.18,7.42,14.88,5.19,30.66,39.58,1.46,3.6,3.47,18.24,12.28,8.81,0.2219,0.1218,22050,mmx-session23,1847.8,1148.9,505.5,0.002,2155.1,129.2,0.0377
0.367,0.271,0.224,0.232,0.357,0.288,0.487,0.357,0.208,0.287,0.269,0.372,22.786,17.749,21.963,22.284,19.501,16.119,44.683,162.84,0.2577,s23-12-panpipe-garage.mp3,4.98,-184.61,82.93,-2.96,-0.03,-6.56,24.44,15.75,3.31,14.21,4.31,3.97,-5.16,2.48,0.1195,0.0791,22050,mmx-session23,2646.2,2359.0,1066.9,0.0198,5208.1,83.4,0.0808
0.203,0.28,0.326,0.185,0.342,0.504,0.293,0.319,0.313,0.204,0.235,0.211,16.782,18.094,19.325,18.164,16.633,15.571,44.825,254.41,0.3038,s23-13-gamelan-techno.mp3,7.78,-136.28,94.2,-4.16,0.49,-3.01,-11.76,10.87,-2.72,3.45,-1.39,3.24,-1.95,-0.01,0.1614,0.0898,22050,mmx-session23,2258.8,1929.9,715.7,0.0155,4000.2,143.6,0.0667
0.316,0.25,0.203,0.281,0.324,0.276,0.361,0.259,0.224,0.313,0.256,0.302,23.277,18.753,24.422,22.974,19.706,17.839,44.979,154.91,0.2288,s23-14-indie-folk.mp3,4.74,-247.51,104.29,0.82,1.09,-2.89,25.65,26.12,4.41,-0.99,-1.75,-0.36,-8.48,1.33,0.1155,0.0668,22050,mmx-session23,1962.8,1485.3,939.0,0.0057,2859.4,143.6,0.056
0.274,0.283,0.285,0.245,0.37,0.284,0.385,0.358,0.219,0.257,0.266,0.368,20.428,16.828,22.2,21.654,18.281,19.062,48.607,168.46,0.1579,s23-15-death-metal-broadway.mp3,5.15,-122.77,64.41,-3.03,10.74,-5.29,1.65,36.05,-5.67,7.57,12.81,2.2,4.61,11.84,0.1318,0.0492,22050,mmx-session23,2553.0,2619.7,766.0,0.0196,5276.3,95.7,0.1121
0.271,0.265,0.223,0.305,0.392,0.28,0.3,0.248,0.331,0.331,0.234,0.249,23.635,20.804,22.863,20.445,18.334,18.125,46.889,183.6,0.3776,s23-16-cover-bossa-to-ambient.mp3,5.61,-171.5,61.69,-7.18,-2.34,-8.12,38.22,38.23,7.87,4.8,2.81,-1.28,2.24,0.55,0.1958,0.121,22050,mmx-session23,2582.1,2467.7,1372.9,0.0186,5176.7,161.5,0.0873
0.252,0.268,0.284,0.407,0.315,0.257,0.33,0.254,0.336,0.37,0.223,0.219,22.522,19.069,22.475,20.679,19.42,17.726,43.343,185.79,0.2167,s24-01-wesley-dreams-ambient.mp3,5.68,-264.51,96.19,-2.28,-0.46,-4.37,45.32,25.43,15.84,-1.84,-7.3,-5.43,-3.98,4.6,0.1116,0.0713,22050,mmx-session24,2176.0,1603.8,1131.2,0.0072,3492.5,99.4,0.0532
0.209,0.251,0.4,0.248,0.334,0.468,0.311,0.298,0.299,0.227,0.285,0.305,24.223,18.934,22.93,21.353,18.805,17.546,46.381,173.55,0.2479,s24-02-foghorn-bass-doomjazz.mp3,5.3,-199.56,71.88,-1.06,0.69,-4.27,8.15,35.12,2.14,10.12,4.39,2.29,-2.02,-1.26,0.1234,0.0748,22050,mmx-session24,2389.7,2132.2,905.5,0.0122,4570.4,99.4,0.0731
0.241,0.323,0.261,0.216,0.275,0.309,0.197,0.205,0.316,0.306,0.443,0.257,22.229,19.369,22.415,21.518,19.398,21.208,45.462,163.36,0.1999,s24-03-glacier-synth-drone.mp3,4.99,-246.54,88.5,-1.05,-11.92,-5.88,5.02,24.19,2.12,-0.12,6.8,-5.27,7.88,-4.46,0.0922,0.066,22050,mmx-session24,2148.0,1913.9,1191.5,0.0112,3840.0,89.1,0.079
0.2,0.263,0.226,0.359,0.167,0.186,0.171,0.136,0.274,0.174,0.253,0.162,20.333,20.767,25.991,25.397,21.17,20.443,45.627,147.11,0.1489,s24-04-printed-flute-minimal.mp3,4.5,-337.07,113.84,-10.25,-0.72,-6.4,40.64,20.25,1.11,-8.5,0.23,-9.8,-0.46,-4.27,0.0643,0.046,22050,mmx-session24,1770.9,1294.5,979.7,0.0035,2245.3,129.2,0.056
0.327,0.5,0.217,0.254,0.413,0.311,0.178,0.134,0.192,0.283,0.413,0.315,23.105,19.601,20.822,21.796,17.889,19.114,45.411,204.74,0.1529,s24-05-last-sign-off-dark-ambient.mp3,6.26,-276.02,90.26,10.2,3.25,-4.0,44.51,23.27,9.13,-2.63,21.89,6.78,17.6,3.18,0.0932,0.0464,22050,mmx-session24,2647.2,2023.9,1352.2,0.0094,4543.5,63.0,0.0591
0.507,0.328,0.361,0.337,0.262,0.235,0.279,0.235,0.224,0.358,0.376,0.51,23.983,21.956,22.407,20.688,18.181,17.681,44.364,189.81,0.2173,60-the-queue-structured.mp3,5.8,-243.59,87.34,-4.69,-4.1,-9.65,50.37,49.16,24.42,12.78,16.09,3.59,2.22,4.88,0.1358,0.0637,22050,mmx-session28,2260.5,1603.2,1089.0,0.0045,3429.7,86.1,0.043
0.417,0.248,0.308,0.32,0.27,0.254,0.31,0.21,0.172,0.231,0.325,0.506,23.402,20.796,24.093,20.0,18.02,16.882,43.466,165.01,0.1894,61-the-queue-freeverse.mp3,5.04,-220.86,87.97,-1.14,0.08,0.41,34.68,35.7,13.19,4.17,7.2,0.84,1.68,-2.03,0.1105,0.0608,22050,mmx-session28,2509.1,1917.2,1023.4,0.0103,4225.9,123.0,0.0578
0.298,0.311,0.294,0.26,0.408,0.345,0.357,0.314,0.195,0.214,0.273,0.361,23.802,21.151,22.465,20.388,19.017,16.955,46.284,190.04,0.4131,62-the-tensor-shoegaze-cover-of-cover.mp3,5.81,-203.54,61.53,-0.74,-0.35,-6.22,31.83,35.55,17.17,5.44,2.7,8.32,1.83,1.39,0.1894,0.1316,22050,mmx-session28,2508.3,2146.5,1302.1,0.0131,4607.8,184.6,0.0725
0.273,0.294,0.248,0.235,0.645,0.291,0.257,0.271,0.188,0.206,0.211,0.347,24.845,15.299,24.688,24.539,21.589,19.315,52.666,131.81,0.2614,63-klezmer-dubstep.mp3,4.03,-202.15,53.08,2.89,14.36,-1.99,8.13,38.48,-8.71,5.79,-0.58,5.71,-7.09,2.5,0.1208,0.0819,22050,mmx-session28,2352.8,2425.1,949.9,0.0114,5039.1,123.0,0.0978
0.165,0.206,0.282,0.145,0.447,0.222,0.286,0.3,0.154,0.225,0.205,0.402,22.142,20.715,26.835,25.833,21.255,21.904,45.72,186.41,0.1785,64-the-cosmic-web.mp3,5.7,-308.38,110.48,-4.76,-4.9,-6.01,15.72,42.25,-6.09,-8.96,11.03,-9.44,-12.0,-4.96,0.0776,0.0542,22050,mmx-session29,1632.8,1343.8,836.5,0.0029,2571.8,143.6,0.0598
0.379,0.263,0.186,0.286,0.341,0.293,0.462,0.33,0.272,0.395,0.258,0.25,23.558,18.938,23.784,22.21,19.922,19.155,44.88,133.81,0.2425,65-the-quartz-clock.mp3,4.09,-202.16,97.51,-1.58,5.2,0.12,16.87,31.97,1.3,-4.73,-4.74,-1.88,-3.23,3.45,0.1316,0.0691,22050,mmx-session29,2110.1,1854.6,1123.2,0.0114,3750.0,89.1,0.0711
0.418,0.36,0.404,0.376,0.434,0.392,0.347,0.412,0.327,0.406,0.328,0.352,22.763,17.896,20.822,19.842,18.825,18.489,43.416,262.01,0.2373,prompt-detailed.mp3,8.01,-214.27,98.71,7.3,1.65,-4.64,28.23,37.18,18.19,5.75,6.62,6.35,7.85,7.89,0.1478,0.0708,22050,mmx-session29,2114.5,1640.5,1142.0,0.0091,3445.7,184.6,0.0515
0.49,0.35,0.286,0.365,0.415,0.369,0.276,0.259,0.286,0.425,0.274,0.256,24.509,19.279,22.059,21.362,20.402,19.001,44.38,252.61,0.2676,prompt-medium.mp3,7.72,-229.92,102.84,-4.27,3.19,-7.61,19.41,27.14,6.36,8.32,-0.54,-0.23,7.52,-2.03,0.122,0.0784,22050,mmx-session29,1872.1,1544.3,1072.4,0.0095,3147.9,95.7,0.0591
0.491,0.329,0.294,0.328,0.305,0.25,0.193,0.245,0.276,0.455,0.344,0.255,23.099,20.45,22.113,20.127,19.603,20.331,45.542,180.81,0.1406,prompt-minimal.mp3,5.53,-204.31,116.43,-0.67,-13.9,0.44,6.78,51.37,21.89,11.2,9.43,10.22,2.07,4.0,0.1334,0.0471,22050,mmx-session29,1841.4,1401.9,856.0,0.0052,2818.6,92.3,0.0513
0.383,0.25,0.204,0.244,0.26,0.214,0.305,0.275,0.236,0.328,0.228,0.247,23.371,20.642,24.411,23.038,19.144,17.863,46.119,93.21,0.2102,vocal-bpm-100.mp3,2.85,-237.14,82.84,-3.92,1.04,-7.43,22.73,34.19,4.55,6.97,2.7,-1.46,0.86,0.97,0.1035,0.0644,22050,mmx-session29,2328.5,1922.0,1089.9,0.0095,4062.7,103.4,0.0663
0.318,0.155,0.209,0.237,0.203,0.176,0.303,0.213,0.119,0.201,0.255,0.384,24.764,22.027,25.628,23.376,18.814,19.938,46.132,100.01,0.2112,vocal-bpm-120.mp3,3.06,-228.78,117.06,-6.92,-7.01,-13.61,8.72,25.68,1.47,3.59,18.65,-3.32,-7.55,-12.07,0.1317,0.0635,22050,mmx-session29,1848.0,1333.3,723.9,0.003,2476.6,117.5,0.051
0.565,0.365,0.204,0.356,0.286,0.23,0.295,0.209,0.147,0.236,0.18,0.176,24.613,22.69,21.422,19.323,18.448,17.84,45.237,103.61,0.2639,vocal-bpm-140.mp3,3.17,-250.27,74.28,-4.88,-1.21,-5.4,17.21,27.41,13.35,19.16,14.77,-1.52,12.78,-4.67,0.1019,0.0812,22050,mmx-session29,2568.0,2074.7,978.2,0.0094,4636.4,107.7,0.0568
0.455,0.303,0.163,0.265,0.277,0.221,0.307,0.25,0.23,0.4,0.261,0.216,23.576,20.975,25.019,22.68,19.649,18.26,44.012,65.21,0.2324,vocal-bpm-40.mp3,2.0,-277.44,110.83,-2.42,-4.74,-2.29,51.5,42.09,15.31,11.8,9.36,-1.02,7.74,0.43,0.1156,0.0661,22050,mmx-session29,1896.2,1293.7,1099.1,0.0048,2431.6,86.1,0.0422
0.421,0.294,0.319,0.404,0.282,0.268,0.39,0.259,0.247,0.326,0.257,0.312,20.627,21.284,20.416,18.777,18.271,17.387,46.535,66.81,0.2767,vocal-bpm-60.mp3,2.04,-227.59,94.09,-7.06,-4.7,-2.26,23.21,39.54,8.04,24.48,14.12,7.28,17.95,4.78,0.1381,0.0766,22050,mmx-session29,2190.1,1615.6,949.8,0.0068,3376.5,92.3,0.0503
0.304,0.167,0.168,0.24,0.197,0.189,0.445,0.435,0.273,0.37,0.205,0.247,25.755,19.69,24.119,23.243,20.053,19.158,46.611,41.01,0.1573,vocal-bpm-80.mp3,1.26,-297.03,109.42,-6.18,-2.58,-15.4,17.45,24.69,7.57,-0.99,-3.23,-1.83,-3.13,3.44,0.0874,0.0481,22050,mmx-session29,1749.6,1458.3,1118.0,0.0056,2656.0,64.6,0.0596
0.422,0.419,0.363,0.396,0.514,0.437,0.488,0.331,0.297,0.396,0.375,0.421,23.508,17.024,19.556,18.362,17.624,16.597,47.783,230.61,0.3166,arc-01-anxiety-to-peace.mp3,7.05,-170.57,77.17,4.11,7.93,-3.96,26.62,20.12,3.26,15.73,3.65,5.64,13.64,8.3,0.1678,0.0908,22050,mmx-session31,2641.2,2289.2,1134.6,0.0127,5237.9,92.3,0.061
0.286,0.218,0.284,0.277,0.308,0.312,0.444,0.277,0.164,0.185,0.251,0.38,21.494,20.231,24.22,21.983,19.69,19.079,46.501,177.21,0.2574,arc-02-nostalgia-to-dread.mp3,5.42,-208.9,70.22,-6.56,-2.07,-9.87,16.58,43.36,1.14,8.37,5.26,-2.46,0.44,-0.48,0.1276,0.0732,22050,mmx-session31,2339.5,2081.2,1004.3,0.0105,4385.4,161.5,0.073
0.281,0.354,0.304,0.321,0.452,0.344,0.343,0.293,0.408,0.3,0.308,0.411,22.674,17.178,21.311,21.18,18.737,18.235,45.197,188.81,0.1946,arc-03-joy-to-fury.mp3,5.77,-138.21,43.53,8.21,4.41,-1.07,-11.95,32.68,3.69,9.31,12.76,7.44,1.78,8.66,0.1318,0.0552,22050,mmx-session31,2570.5,2818.5,868.4,0.0236,5567.9,143.6,0.1167
0.226,0.191,0.317,0.208,0.383,0.382,0.235,0.276,0.218,0.364,0.255,0.232,23.294,21.06,25.322,23.753,20.979,20.905,46.795,217.41,0.1654,arc-04-loneliness-to-awe.mp3,6.64,-244.17,83.88,-3.58,5.53,-7.4,9.41,41.97,10.57,-1.34,8.7,1.92,-1.71,4.7,0.0903,0.0517,22050,mmx-session31,2202.9,1888.2,997.1,0.0067,3917.0,152.0,0.0695
0.408,0.286,0.31,0.313,0.274,0.385,0.427,0.523,0.331,0.285,0.307,0.249,21.865,19.222,22.42,21.326,19.497,19.178,46.947,248.01,0.2024,arc-05-confusion-to-certainty.mp3,7.58,-165.15,29.65,5.63,-3.85,-6.36,24.47,33.22,-11.93,23.66,-6.89,5.55,5.11,-9.96,0.1163,0.0602,22050,mmx-session31,2667.6,3403.1,1164.8,0.0299,6194.3,92.3,0.175
0.291,0.357,0.424,0.305,0.33,0.452,0.298,0.306,0.341,0.311,0.373,0.329,22.36,17.691,20.63,20.692,18.369,16.904,46.104,222.81,0.2039,minimal-concrete.mp3,6.81,-178.3,88.63,-1.44,3.55,-6.84,13.17,32.16,4.1,5.93,-0.4,5.9,3.7,2.24,0.117,0.0621,22050,mmx-session31,2259.0,1949.2,864.2,0.0112,4255.5,92.3,0.0715
0.487,0.376,0.421,0.354,0.3,0.29,0.272,0.354,0.257,0.326,0.364,0.336,22.454,17.93,21.169,20.69,18.636,19.875,44.47,201.41,0.2184,minimal-distance.mp3,6.16,-170.77,70.01,-7.39,2.48,-5.57,2.34,37.88,5.42,0.88,8.78,-3.24,12.9,3.18,0.124,0.0661,22050,mmx-session31,2494.1,2462.8,1118.7,0.0188,5071.2,123.0,0.096
0.469,0.46,0.515,0.451,0.397,0.436,0.386,0.405,0.314,0.327,0.356,0.367,19.351,19.408,20.456,20.164,19.354,19.035,42.765,204.81,0.232,minimal-rain.mp3,6.26,-302.76,77.48,-1.57,-0.26,1.79,60.26,28.55,22.01,12.76,15.29,0.27,15.84,8.04,0.1044,0.0698,22050,mmx-session31,2450.6,1928.1,1587.8,0.01,4179.8,123.0,0.0583
0.284,0.372,0.271,0.263,0.53,0.345,0.35,0.359,0.261,0.266,0.285,0.384,23.421,17.587,22.046,20.698,18.895,18.219,44.618,190.01,0.2394,minimal-spark.mp3,5.81,-161.17,64.76,7.49,2.36,-0.1,5.42,11.51,-6.13,1.63,10.86,-3.35,13.29,1.51,0.1287,0.0696,22050,mmx-session31,2778.1,2794.3,1191.7,0.0238,5954.8,117.5,0.1077
0.276,0.382,0.374,0.27,0.371,0.408,0.288,0.305,0.213,0.174,0.257,0.258,23.976,19.917,22.839,21.846,19.535,18.9,43.038,181.21,0.2499,minimal-velvet.mp3,5.54,-230.35,80.19,-8.49,-2.84,-7.06,42.06,23.01,-4.45,2.29,7.02,-13.95,8.18,-0.86,0.1227,0.0702,22050,mmx-session31,2586.1,2137.6,1194.0,0.0123,4717.2,112.3,0.0734
0.301,0.332,0.274,0.257,0.461,0.362,0.302,0.347,0.264,0.326,0.297,0.31,25.312,19.424,22.406,20.893,19.951,18.607,47.072,76.21,0.2188,m3-01-celestial-jazz-hop.mp3,2.33,-238.6,83.77,-4.53,2.38,-8.24,14.44,22.21,4.81,-1.13,-2.75,0.52,-2.47,2.33,0.0973,0.0717,22050,mmx-session32,2288.5,1970.1,1068.3,0.0132,4090.1,117.5,0.077
0.34,0.303,0.329,0.353,0.401,0.342,0.403,0.292,0.284,0.308,0.376,0.502,23.617,18.791,22.425,21.227,19.961,16.78,46.754,94.41,0.2143,m3-02-quantum-disco-flamenco.mp3,2.89,-155.73,39.01,1.32,3.94,-4.53,30.52,37.98,5.6,6.17,0.49,4.1,-4.36,6.1,0.1296,0.0627,22050,mmx-session32,2969.6,3108.5,1025.0,0.0266,6746.8,129.2,0.1028
0.317,0.2,0.371,0.579,0.239,0.365,0.515,0.362,0.36,0.344,0.307,0.296,22.107,17.818,21.696,20.972,19.525,17.63,47.846,113.61,0.2332,m3-03-apocalyptic-polka-punk.mp3,3.47,-164.18,66.4,0.86,4.86,-4.76,7.05,21.93,0.21,15.77,-1.2,7.02,-7.09,0.94,0.1256,0.068,22050,mmx-session32,2539.7,2422.1,936.6,0.0171,5258.7,136.0,0.0929
0.327,0.222,0.277,0.223,0.265,0.214,0.355,0.397,0.253,0.304,0.256,0.363,21.121,19.318,25.079,22.965,19.221,17.503,44.145,166.41,0.243,m3-04-deep-sea-bossa-vaporwave.mp3,5.09,-225.53,107.67,0.6,-0.44,-5.05,30.88,32.46,12.09,3.48,9.56,1.87,-4.55,-2.1,0.1413,0.0706,22050,mmx-session32,2075.5,1422.1,897.5,0.0061,2688.8,112.3,0.0488
0.622,0.426,0.384,0.477,0.393,0.423,0.435,0.348,0.369,0.499,0.388,0.34,22.58,15.055,20.158,19.595,18.576,18.096,45.9,76.41,0.2625,m3-05-glitch-hop-celtic.mp3,2.34,-171.6,59.53,-0.77,7.29,-0.01,10.43,20.73,-4.5,-2.86,4.34,-0.33,-1.42,7.4,0.1526,0.0875,22050,mmx-session32,2620.5,2509.2,1165.0,0.0206,5341.1,172.3,0.085
0.203,0.266,0.402,0.232,0.36,0.251,0.277,0.264,0.176,0.171,0.323,0.509,24.725,22.982,21.642,20.499,19.479,19.255,47.877,182.81,0.181,structure-with-tags.mp3,5.59,-298.95,85.23,-4.72,3.9,-8.38,30.66,46.29,34.99,13.54,13.68,10.14,4.26,5.47,0.0947,0.0591,22050,mmx-session32,2003.3,1345.1,966.6,0.0038,2714.2,117.5,0.0376
0.256,0.368,0.267,0.369,0.254,0.275,0.403,0.275,0.337,0.256,0.337,0.37,22.673,17.533,22.291,22.889,20.572,19.311,46.714,196.41,0.2103,contra-01-happy-sad.mp3,6.0,-157.97,64.4,-7.63,3.66,-5.82,0.99,16.55,-3.45,0.68,7.64,0.89,7.7,7.56,0.1263,0.0617,22050,mmx-session33,2614.2,2662.6,1067.3,0.0197,5526.7,123.0,0.1075
0.408,0.534,0.349,0.42,0.506,0.475,0.398,0.407,0.523,0.431,0.394,0.347,22.262,16.804,19.551,18.388,18.221,18.16,46.105,190.81,0.1597,contra-02-fast-tired.mp3,5.83,-102.54,25.86,1.6,8.26,-8.76,-8.26,50.21,3.12,7.87,11.91,4.23,3.45,1.01,0.1179,0.0501,22050,mmx-session33,2610.6,3474.0,748.2,0.0505,6292.8,184.6,0.1971
0.363,0.473,0.349,0.392,0.334,0.291,0.204,0.178,0.2,0.297,0.43,0.342,24.035,21.258,21.065,19.817,18.29,20.953,43.804,266.21,0.2365,imposs-17-gamelan-drone.mp3,8.14,-282.24,79.76,-8.64,-3.59,-6.15,27.99,31.0,18.25,-6.55,6.14,-2.02,8.15,6.47,0.1121,0.0764,22050,mmx-session33,2134.4,1757.7,1357.9,0.0092,3727.6,92.3,0.0497
0.327,0.359,0.488,0.342,0.321,0.359,0.268,0.4,0.349,0.283,0.346,0.375,22.9,15.618,20.87,18.678,18.769,17.363,49.041,213.21,0.159,imposs-18-blackgaze-dub.mp3,6.52,-123.31,46.05,-2.74,7.35,-1.95,8.15,39.16,0.56,8.03,2.97,9.9,1.75,9.09,0.1267,0.0498,22050,mmx-session33,2764.5,3050.6,842.6,0.0289,6403.3,117.5,0.1264
0.263,0.294,0.416,0.254,0.354,0.474,0.317,0.367,0.334,0.304,0.323,0.313,22.922,18.118,23.174,22.311,20.506,18.015,47.925,267.41,0.2042,imposs-19-balkan-math.mp3,8.17,-136.32,44.44,2.77,4.09,-1.65,11.37,45.22,1.56,14.56,-2.15,7.44,-0.13,3.02,0.1332,0.0592,22050,mmx-session33,2639.2,2906.5,857.8,0.0216,5868.5,136.0,0.1222
0.255,0.341,0.392,0.24,0.398,0.521,0.359,0.347,0.323,0.247,0.316,0.272,23.525,19.382,22.591,22.634,20.206,18.945,46.831,240.21,0.2157,imposs-20-ambient-bluegrass.mp3,7.34,-180.29,74.64,-1.7,5.84,-10.13,13.4,46.92,5.84,5.6,9.09,9.4,5.64,1.91,0.1212,0.0618,22050,mmx-session33,2393.0,2138.6,913.8,0.0112,4608.9,107.7,0.0758
0.338,0.235,0.216,0.236,0.275,0.183,0.247,0.321,0.195,0.251,0.246,0.325,23.391,20.14,24.7,23.939,21.199,20.044,46.873,209.81,0.235,neg-01-no-drums.mp3,6.41,-258.92,73.08,-6.93,2.63,-10.01,11.76,12.53,-2.83,-3.31,3.39,-3.65,-1.33,1.99,0.0983,0.0743,22050,mmx-session33,2324.2,1988.8,1049.4,0.0098,4170.9,103.4,0.0746
0.41,0.362,0.381,0.436,0.409,0.518,0.706,0.673,0.529,0.464,0.424,0.376,23.676,13.76,16.959,15.338,16.336,18.647,44.158,173.41,0.2839,neg-02-no-melody.mp3,5.3,-210.59,94.84,5.07,8.0,-1.5,8.07,29.17,13.16,-2.63,4.92,0.58,-0.15,5.83,0.1359,0.086,22050,mmx-session33,2044.5,1739.1,1167.2,0.014,3461.3,95.7,0.0546
0.241,0.234,0.199,0.289,0.397,0.293,0.342,0.206,0.219,0.293,0.254,0.238,24.488,20.511,23.837,21.299,18.077,18.082,44.046,214.01,0.2145,neg-03-never-resolves.mp3,6.54,-236.09,98.21,0.5,-0.37,-5.02,18.66,33.15,-1.62,-2.76,1.46,-1.78,2.83,-2.45,0.1162,0.0655,22050,mmx-session33,2081.2,1566.8,851.3,0.0047,3162.4,129.2,0.0484
0.341,0.368,0.281,0.397,0.324,0.221,0.265,0.304,0.405,0.338,0.24,0.214,24.597,21.295,21.369,20.538,19.317,24.014,46.474,197.61,0.21,neg-04-silence-as-instrument.mp3,6.04,-286.94,73.71,-0.09,-0.98,-3.18,23.41,28.79,20.04,-7.58,25.56,-3.92,13.46,6.55,0.0981,0.0619,22050,mmx-session33,2599.2,1997.4,1170.6,0.0059,4543.5,103.4,0.0537
0.434,0.309,0.238,0.315,0.377,0.315,0.407,0.342,0.297,0.416,0.314,0.302,23.055,18.607,22.693,21.9,19.818,17.216,45.796,229.01,0.2109,neg-05-happy-grief.mp3,7.0,-158.93,55.23,3.63,0.88,-6.06,24.48,37.86,5.88,15.82,7.99,4.09,2.92,0.43,0.1267,0.0588,22050,mmx-session33,2750.0,2736.4,1079.0,0.0217,5852.9,117.5,0.1034
0.339,0.349,0.42,0.352,0.385,0.559,0.373,0.373,0.311,0.271,0.312,0.32,22.271,17.227,19.993,18.011,17.578,20.17,43.899,221.81,0.2378,p1-cavern-ocean.mp3,6.78,-193.95,94.85,8.78,0.17,-1.39,3.67,20.25,-1.49,-8.71,4.89,-5.33,3.86,0.23,0.1338,0.0691,22050,mmx-session34,2349.3,2003.9,1028.0,0.0108,4243.0,95.7,0.0656
